2026-07-08 23:57:49,432 [INFO] 🧠 TQSC v1.0 inicializado
2026-07-08 23:57:49,432 [INFO] 🚀 TQSC arrancando...
2026-07-08 23:57:49,432 [INFO] 🟢 Núcleo [blockchain] activo
2026-07-08 23:57:49,432 [INFO] ✅ TQSC listo. Protección activa.
2026-07-09 00:03:10,922 [INFO] 🧠 TQSC v1.0 inicializado — 5 núcleos listos
2026-07-09 00:03:10,922 [INFO] 🚀 TQSC arrancando...
2026-07-09 00:03:10,922 [INFO] 🟢 [blockchain] activo
2026-07-09 00:03:12,286 [INFO] Entropía: 1.0
2026-07-09 00:03:12,286 [INFO] 🟢 [entropia] activo
2026-07-09 00:03:13,077 [INFO] 🟢 [defensa_fisica] activo
2026-07-09 00:03:13,077 [INFO] Quantum: Aceptado (confianza=1.00)
2026-07-09 00:03:13,077 [INFO] 🟢 [cuantico] activo
2026-07-09 00:03:13,084 [INFO] Honeypot escuchando en puerto 2222
2026-07-09 00:03:13,084 [INFO] 🟢 [honeypot] activo
2026-07-09 00:03:13,084 [INFO] ✅ TQSC listo. 5/5 núcleos activos.
2026-07-09 00:03:13,085 [INFO] ⏹️ TQSC deteniéndose...
2026-07-09 00:06:11,883 [INFO] 🧬 OctaRCQ-X8: 18 subnúcleos listos
2026-07-09 00:06:11,883 [INFO] 🧠 TQSC v1.0 inicializado — 6 núcleos listos
2026-07-09 00:06:11,883 [INFO] 🚀 TQSC arrancando...
2026-07-09 00:06:11,883 [INFO] 🟢 [blockchain] activo
2026-07-09 00:06:13,215 [INFO] Entropía: 1.0
2026-07-09 00:06:13,215 [INFO] 🟢 [entropia] activo
2026-07-09 00:06:14,013 [INFO] 🟢 [defensa_fisica] activo
2026-07-09 00:06:14,014 [INFO] Quantum: Aceptado (confianza=1.00)
2026-07-09 00:06:14,014 [INFO] 🟢 [cuantico] activo
2026-07-09 00:06:14,015 [INFO] Honeypot escuchando en puerto 2222
2026-07-09 00:06:14,015 [INFO] 🟢 [honeypot] activo
2026-07-09 00:06:14,024 [ERROR] 🔴 [ia_core] falló: name 'logger' is not defined
2026-07-09 00:06:14,024 [INFO] ✅ TQSC listo. 5/6 núcleos activos.
2026-07-09 00:06:14,024 [INFO] ⏹️ TQSC deteniéndose...
2026-07-09 00:06:25,788 [INFO] 🧬 OctaRCQ-X8: 18 subnúcleos listos
2026-07-09 00:06:25,788 [INFO] 🧠 TQSC v1.0 inicializado — 6 núcleos listos
2026-07-09 00:06:25,788 [INFO] 🚀 TQSC arrancando...
2026-07-09 00:06:25,788 [INFO] 🟢 [blockchain] activo
2026-07-09 00:06:27,123 [INFO] Entropía: 1.0
2026-07-09 00:06:27,123 [INFO] 🟢 [entropia] activo
2026-07-09 00:06:27,939 [INFO] 🟢 [defensa_fisica] activo
2026-07-09 00:06:27,946 [INFO] Quantum: Aceptado (confianza=1.00)
2026-07-09 00:06:27,946 [INFO] 🟢 [cuantico] activo
2026-07-09 00:06:27,947 [INFO] Honeypot escuchando en puerto 2222
2026-07-09 00:06:27,947 [INFO] 🟢 [honeypot] activo
2026-07-09 00:06:27,949 [INFO] IA Core: 8 octantes activos
2026-07-09 00:06:27,949 [INFO] 🟢 [ia_core] activo
2026-07-09 00:06:27,949 [INFO] ✅ TQSC listo. 6/6 núcleos activos.
2026-07-09 00:06:27,949 [INFO] ⏹️ TQSC deteniéndose...
2026-07-09 00:12:33,269 [INFO] 🧬 OctaRCQ-X8: 18 subnúcleos listos
2026-07-09 00:12:33,269 [INFO] 🧠 TQSC v1.0 inicializado — 6 núcleos listos
2026-07-09 00:12:33,269 [INFO] 🚀 TQSC arrancando...
2026-07-09 00:12:33,269 [INFO] 🟢 [blockchain] activo
2026-07-09 00:12:34,611 [INFO] Entropía: 1.0
2026-07-09 00:12:34,612 [INFO] 🟢 [entropia] activo
2026-07-09 00:12:35,405 [INFO] 🟢 [defensa_fisica] activo
2026-07-09 00:12:35,405 [INFO] Quantum: Aceptado (confianza=1.00)
2026-07-09 00:12:35,405 [INFO] 🟢 [cuantico] activo
2026-07-09 00:12:35,406 [INFO] Honeypot escuchando en puerto 2222
2026-07-09 00:12:35,406 [INFO] 🟢 [honeypot] activo
2026-07-09 00:12:35,410 [INFO] IA Core: 8 octantes activos
2026-07-09 00:12:35,410 [INFO] 🟢 [ia_core] activo
2026-07-09 00:12:35,410 [INFO] ✅ TQSC listo. 6/6 núcleos activos.
2026-07-09 00:12:35,410 [INFO] ⏹️ TQSC deteniéndose...
2026-07-09 00:14:38,262 [INFO] 🧬 OctaRCQ-X8: 18 subnúcleos listos
2026-07-09 00:14:38,262 [INFO] 🧠 TQSC v1.0 inicializado — 6 núcleos listos
2026-07-09 00:14:38,262 [INFO] 🚀 TQSC arrancando...
2026-07-09 00:14:38,262 [INFO] 🟢 [blockchain] activo
2026-07-09 00:14:39,584 [INFO] Entropía: 1.0
2026-07-09 00:14:39,584 [INFO] 🟢 [entropia] activo
2026-07-09 00:14:40,359 [INFO] 🟢 [defensa_fisica] activo
2026-07-09 00:14:40,360 [INFO] Quantum: Aceptado (confianza=1.00)
2026-07-09 00:14:40,360 [INFO] 🟢 [cuantico] activo
2026-07-09 00:14:40,361 [INFO] Honeypot escuchando en puerto 2222
2026-07-09 00:14:40,361 [INFO] 🟢 [honeypot] activo
2026-07-09 00:14:40,365 [INFO] IA Core: 8 octantes activos
2026-07-09 00:14:40,365 [INFO] 🟢 [ia_core] activo
2026-07-09 00:14:40,365 [INFO] ✅ TQSC listo. 6/6 núcleos activos.
2026-07-09 00:14:50,550 [INFO] 🧬 OctaRCQ-X8: 18 subnúcleos listos
2026-07-09 00:14:50,550 [INFO] 🧠 TQSC v1.0 inicializado — 6 núcleos listos
2026-07-09 00:14:50,550 [INFO] 🚀 TQSC arrancando...
2026-07-09 00:14:50,550 [INFO] 🟢 [blockchain] activo
2026-07-09 00:14:51,857 [INFO] Entropía: 1.0
2026-07-09 00:14:51,857 [INFO] 🟢 [entropia] activo
2026-07-09 00:14:52,620 [INFO] 🟢 [defensa_fisica] activo
2026-07-09 00:14:52,620 [INFO] Quantum: Aceptado (confianza=1.00)
2026-07-09 00:14:52,620 [INFO] 🟢 [cuantico] activo
2026-07-09 00:14:52,621 [INFO] Honeypot escuchando en puerto 2222
2026-07-09 00:14:52,621 [INFO] 🟢 [honeypot] activo
2026-07-09 00:14:52,624 [INFO] IA Core: 8 octantes activos
2026-07-09 00:14:52,624 [INFO] 🟢 [ia_core] activo
2026-07-09 00:14:52,624 [INFO] ✅ TQSC listo. 6/6 núcleos activos.
2026-07-09 00:15:18,539 [INFO] 🧬 OctaRCQ-X8: 18 subnúcleos listos
2026-07-09 00:15:18,539 [INFO] 🧠 TQSC v1.0 inicializado — 6 núcleos listos
2026-07-09 00:15:18,539 [INFO] 🚀 TQSC arrancando...
2026-07-09 00:15:18,539 [INFO] 🟢 [blockchain] activo
2026-07-09 00:15:19,910 [INFO] Entropía: 1.0
2026-07-09 00:15:19,910 [INFO] 🟢 [entropia] activo
2026-07-09 00:15:20,666 [INFO] 🟢 [defensa_fisica] activo
2026-07-09 00:15:20,667 [INFO] Quantum: Aceptado (confianza=1.00)
2026-07-09 00:15:20,667 [INFO] 🟢 [cuantico] activo
2026-07-09 00:15:20,668 [INFO] Honeypot escuchando en puerto 2222
2026-07-09 00:15:20,668 [INFO] 🟢 [honeypot] activo
2026-07-09 00:15:20,671 [INFO] IA Core: 8 octantes activos
2026-07-09 00:15:20,671 [INFO] 🟢 [ia_core] activo
2026-07-09 00:15:20,671 [INFO] ✅ TQSC listo. 6/6 núcleos activos.
2026-07-09 00:15:21,672 [INFO] ⏹️ TQSC deteniéndose...
2026-07-09 00:15:35,509 [INFO] 🧬 OctaRCQ-X8: 18 subnúcleos listos
2026-07-09 00:15:35,509 [INFO] 🧠 TQSC v1.0 inicializado — 6 núcleos listos
2026-07-09 00:15:35,509 [INFO] 🚀 TQSC arrancando...
2026-07-09 00:15:35,510 [INFO] 🟢 [blockchain] activo
2026-07-09 00:15:36,831 [INFO] Entropía: 1.0
2026-07-09 00:15:36,831 [INFO] 🟢 [entropia] activo
2026-07-09 00:15:37,620 [INFO] 🟢 [defensa_fisica] activo
2026-07-09 00:15:37,621 [INFO] Quantum: Aceptado (confianza=1.00)
2026-07-09 00:15:37,621 [INFO] 🟢 [cuantico] activo
2026-07-09 00:15:37,622 [INFO] Honeypot escuchando en puerto 2222
2026-07-09 00:15:37,622 [INFO] 🟢 [honeypot] activo
2026-07-09 00:15:37,625 [INFO] IA Core: 8 octantes activos
2026-07-09 00:15:37,625 [INFO] 🟢 [ia_core] activo
2026-07-09 00:15:37,625 [INFO] ✅ TQSC listo. 6/6 núcleos activos.
2026-07-09 00:15:38,626 [INFO] ⏹️ TQSC deteniéndose...
2026-07-09 00:15:52,946 [INFO] 🧬 OctaRCQ-X8: 18 subnúcleos listos
2026-07-09 00:15:52,946 [INFO] 🧠 TQSC v1.0 inicializado — 6 núcleos listos
2026-07-09 00:15:52,946 [INFO] 🚀 TQSC arrancando...
2026-07-09 00:15:52,946 [INFO] 🟢 [blockchain] activo
2026-07-09 00:15:54,323 [INFO] Entropía: 1.0
2026-07-09 00:15:54,323 [INFO] 🟢 [entropia] activo
2026-07-09 00:15:55,081 [INFO] 🟢 [defensa_fisica] activo
2026-07-09 00:15:55,082 [INFO] Quantum: Aceptado (confianza=1.00)
2026-07-09 00:15:55,082 [INFO] 🟢 [cuantico] activo
2026-07-09 00:15:55,083 [INFO] Honeypot escuchando en puerto 2222
2026-07-09 00:15:55,083 [INFO] 🟢 [honeypot] activo
2026-07-09 00:15:55,086 [INFO] IA Core: 8 octantes activos
2026-07-09 00:15:55,086 [INFO] 🟢 [ia_core] activo
2026-07-09 00:15:55,086 [INFO] ✅ TQSC listo. 6/6 núcleos activos.
2026-07-09 00:15:56,086 [INFO] ⏹️ TQSC deteniéndose...
2026-07-09 00:34:34,667 [INFO] 🧬 OctaRCQ-X8: 18 subnúcleos listos
2026-07-09 00:34:34,667 [INFO] 🧠 TQSC v1.0 inicializado — 6 núcleos listos
2026-07-09 00:34:34,667 [INFO] 🚀 TQSC arrancando...
2026-07-09 00:34:34,668 [INFO] 🟢 [blockchain] activo
2026-07-09 00:34:36,097 [INFO] Entropía: 1.0
2026-07-09 00:34:36,097 [INFO] 🟢 [entropia] activo
2026-07-09 00:34:36,953 [ERROR] 🔴 [defensa_fisica] falló: module 'psutil' has no attribute 'sensors_temperatures'
Traceback (most recent call last):
  File "C:\Users\raem9\Desktop\Proyecto TQSC\v1.0\tqsc\main.py", line 72, in iniciar
    fn()
  File "C:\Users\raem9\Desktop\Proyecto TQSC\v1.0\tqsc\main.py", line 90, in _iniciar_defensa
    resultado = self.defense.escanear()
                ^^^^^^^^^^^^^^^^^^^^^^^
  File "C:\Users\raem9\Desktop\Proyecto TQSC\v1.0\tqsc\defense\__init__.py", line 123, in escanear
    "temperatura": self.thermal.leer(),
                   ^^^^^^^^^^^^^^^^^^^
  File "C:\Users\raem9\Desktop\Proyecto TQSC\v1.0\tqsc\defense\__init__.py", line 58, in leer
    temps = psutil.sensors_temperatures()
            ^^^^^^^^^^^^^^^^^^^^^^^^^^^
AttributeError: module 'psutil' has no attribute 'sensors_temperatures'
2026-07-09 00:34:36,956 [INFO] Quantum: Aceptado (confianza=1.00)
2026-07-09 00:34:36,956 [INFO] 🟢 [cuantico] activo
2026-07-09 00:34:36,957 [INFO] Honeypot escuchando en puerto 2222
2026-07-09 00:34:36,957 [INFO] 🟢 [honeypot] activo
2026-07-09 00:34:36,960 [INFO] IA Core: 8 octantes activos
2026-07-09 00:34:36,960 [INFO] 🟢 [ia_core] activo
2026-07-09 00:34:36,960 [INFO] ✅ TQSC listo. 5/6 núcleos activos.
2026-07-09 00:35:10,834 [INFO] 🧬 OctaRCQ-X8: 18 subnúcleos listos
2026-07-09 00:35:10,834 [INFO] 🧠 TQSC v1.0 inicializado — 6 núcleos listos
2026-07-09 00:35:10,834 [INFO] 🚀 TQSC arrancando...
2026-07-09 00:35:10,834 [INFO] 🟢 [blockchain] activo
2026-07-09 00:35:12,241 [INFO] Entropía: 1.0
2026-07-09 00:35:12,241 [INFO] 🟢 [entropia] activo
2026-07-09 00:35:13,080 [INFO] 🟢 [defensa_fisica] activo
2026-07-09 00:35:13,081 [INFO] Quantum: Aceptado (confianza=1.00)
2026-07-09 00:35:13,081 [INFO] 🟢 [cuantico] activo
2026-07-09 00:35:13,082 [INFO] Honeypot escuchando en puerto 2222
2026-07-09 00:35:13,082 [INFO] 🟢 [honeypot] activo
2026-07-09 00:35:13,085 [INFO] IA Core: 8 octantes activos
2026-07-09 00:35:13,085 [INFO] 🟢 [ia_core] activo
2026-07-09 00:35:13,085 [INFO] ✅ TQSC listo. 6/6 núcleos activos.
2026-07-09 00:35:28,189 [INFO] 🧬 OctaRCQ-X8: 18 subnúcleos listos
2026-07-09 00:35:28,189 [INFO] 🧠 TQSC v1.0 inicializado — 6 núcleos listos
2026-07-09 00:35:28,189 [INFO] 🚀 TQSC arrancando...
2026-07-09 00:35:28,190 [INFO] 🟢 [blockchain] activo
2026-07-09 00:35:29,607 [INFO] Entropía: 1.0
2026-07-09 00:35:29,607 [INFO] 🟢 [entropia] activo
2026-07-09 00:35:30,487 [INFO] 🟢 [defensa_fisica] activo
2026-07-09 00:35:30,488 [INFO] Quantum: Aceptado (confianza=1.00)
2026-07-09 00:35:30,488 [INFO] 🟢 [cuantico] activo
2026-07-09 00:35:30,488 [INFO] Honeypot escuchando en puerto 2222
2026-07-09 00:35:30,488 [INFO] 🟢 [honeypot] activo
2026-07-09 00:35:30,492 [INFO] IA Core: 8 octantes activos
2026-07-09 00:35:30,492 [INFO] 🟢 [ia_core] activo
2026-07-09 00:35:30,492 [INFO] ✅ TQSC listo. 6/6 núcleos activos.
2026-07-09 00:36:18,496 [INFO] 🧬 OctaRCQ-X8: 18 subnúcleos listos
2026-07-09 00:36:18,496 [INFO] 🧠 TQSC v1.0 inicializado — 6 núcleos listos
2026-07-09 00:36:18,496 [INFO] 🚀 TQSC arrancando...
2026-07-09 00:36:18,496 [INFO] 🟢 [blockchain] activo
2026-07-09 00:36:19,948 [INFO] Entropía: 1.0
2026-07-09 00:36:19,948 [INFO] 🟢 [entropia] activo
2026-07-09 00:36:20,763 [INFO] 🟢 [defensa_fisica] activo
2026-07-09 00:36:20,763 [INFO] Quantum: Aceptado (confianza=1.00)
2026-07-09 00:36:20,763 [INFO] 🟢 [cuantico] activo
2026-07-09 00:36:20,764 [INFO] Honeypot escuchando en puerto 2222
2026-07-09 00:36:20,764 [INFO] 🟢 [honeypot] activo
2026-07-09 00:36:20,768 [INFO] IA Core: 8 octantes activos
2026-07-09 00:36:20,768 [INFO] 🟢 [ia_core] activo
2026-07-09 00:36:20,768 [INFO] ✅ TQSC listo. 6/6 núcleos activos.
2026-07-09 00:36:21,769 [INFO] ⏹️ TQSC deteniéndose...
2026-07-09 00:38:50,722 [INFO] 🧬 OctaRCQ-X8: 18 subnúcleos listos
2026-07-09 00:38:50,723 [INFO] 🧠 TQSC v1.0 inicializado — 6 núcleos listos
2026-07-09 00:38:50,723 [INFO] 🚀 TQSC arrancando...
2026-07-09 00:38:50,723 [INFO] 🟢 [blockchain] activo
2026-07-09 00:38:52,121 [INFO] Entropía: 1.0
2026-07-09 00:38:52,121 [INFO] 🟢 [entropia] activo
2026-07-09 00:38:52,947 [INFO] 🟢 [defensa_fisica] activo
2026-07-09 00:38:52,948 [INFO] Quantum: Aceptado (confianza=1.00)
2026-07-09 00:38:52,948 [INFO] 🟢 [cuantico] activo
2026-07-09 00:38:52,949 [INFO] Honeypot escuchando en puerto 2222
2026-07-09 00:38:52,949 [INFO] 🟢 [honeypot] activo
2026-07-09 00:38:52,952 [INFO] IA Core: 8 octantes activos
2026-07-09 00:38:52,952 [INFO] 🟢 [ia_core] activo
2026-07-09 00:38:52,952 [INFO] ✅ TQSC listo. 6/6 núcleos activos.
2026-07-09 00:39:55,836 [INFO] 🧬 OctaRCQ-X8: 18 subnúcleos listos
2026-07-09 00:39:55,836 [INFO] 🧠 TQSC v1.0 inicializado — 6 núcleos listos
2026-07-09 00:39:55,836 [INFO] 🚀 TQSC arrancando...
2026-07-09 00:39:55,837 [INFO] 🟢 [blockchain] activo
2026-07-09 00:39:57,273 [INFO] Entropía: 1.0
2026-07-09 00:39:57,273 [INFO] 🟢 [entropia] activo
2026-07-09 00:39:58,109 [INFO] 🟢 [defensa_fisica] activo
2026-07-09 00:39:58,110 [INFO] Quantum: Aceptado (confianza=1.00)
2026-07-09 00:39:58,110 [INFO] 🟢 [cuantico] activo
2026-07-09 00:39:58,110 [INFO] Honeypot escuchando en puerto 2222
2026-07-09 00:39:58,111 [INFO] 🟢 [honeypot] activo
2026-07-09 00:39:58,113 [INFO] IA Core: 8 octantes activos
2026-07-09 00:39:58,114 [INFO] 🟢 [ia_core] activo
2026-07-09 00:39:58,114 [INFO] ✅ TQSC listo. 6/6 núcleos activos.
2026-07-09 00:39:59,114 [INFO] ⏹️ TQSC deteniéndose...
2026-07-09 00:46:00,713 [INFO] 🧬 OctaRCQ-X8: 18 subnúcleos listos
2026-07-09 00:46:00,713 [INFO] 🧠 TQSC v1.0 inicializado — 6 núcleos listos
2026-07-09 00:46:00,713 [INFO] 🚀 TQSC arrancando...
2026-07-09 00:46:00,714 [INFO] 🟢 [blockchain] activo
2026-07-09 00:46:02,105 [INFO] Entropía: 1.0
2026-07-09 00:46:02,105 [INFO] 🟢 [entropia] activo
2026-07-09 00:46:02,963 [INFO] 🟢 [defensa_fisica] activo
2026-07-09 00:46:02,964 [INFO] Quantum: Aceptado (confianza=1.00)
2026-07-09 00:46:02,964 [INFO] 🟢 [cuantico] activo
2026-07-09 00:46:02,964 [INFO] Honeypot escuchando en puerto 2222
2026-07-09 00:46:02,964 [INFO] 🟢 [honeypot] activo
2026-07-09 00:46:02,970 [INFO] IA Core: 8 octantes activos
2026-07-09 00:46:02,970 [INFO] 🟢 [ia_core] activo
2026-07-09 00:46:02,970 [INFO] ✅ TQSC listo. 6/6 núcleos activos.
2026-07-09 00:46:41,766 [INFO] 🧬 OctaRCQ-X8: 18 subnúcleos listos
2026-07-09 00:46:41,766 [INFO] 🧠 TQSC v1.0 inicializado — 6 núcleos listos
2026-07-09 00:46:41,766 [INFO] 🚀 TQSC arrancando...
2026-07-09 00:46:41,766 [INFO] 🟢 [blockchain] activo
2026-07-09 00:46:43,266 [INFO] Entropía: 1.0
2026-07-09 00:46:43,266 [INFO] 🟢 [entropia] activo
2026-07-09 00:46:44,138 [INFO] 🟢 [defensa_fisica] activo
2026-07-09 00:46:44,139 [INFO] Quantum: Aceptado (confianza=1.00)
2026-07-09 00:46:44,139 [INFO] 🟢 [cuantico] activo
2026-07-09 00:46:44,139 [INFO] Honeypot escuchando en puerto 2222
2026-07-09 00:46:44,139 [INFO] 🟢 [honeypot] activo
2026-07-09 00:46:44,143 [INFO] IA Core: 8 octantes activos
2026-07-09 00:46:44,143 [INFO] 🟢 [ia_core] activo
2026-07-09 00:46:44,143 [INFO] ✅ TQSC listo. 6/6 núcleos activos.
2026-07-09 00:46:45,144 [INFO] ⏹️ TQSC deteniéndose...
2026-07-09 00:51:36,447 [INFO] 🧬 OctaRCQ-X8: 18 subnúcleos listos
2026-07-09 00:51:36,447 [INFO] 🧠 TQSC v1.0 inicializado — 6 núcleos listos
2026-07-09 00:51:36,447 [INFO] 🚀 TQSC arrancando...
2026-07-09 00:51:36,449 [INFO] 🟢 [blockchain] activo
2026-07-09 00:51:37,927 [INFO] Entropía: 1.0
2026-07-09 00:51:37,927 [INFO] 🟢 [entropia] activo
2026-07-09 00:51:38,809 [INFO] 🟢 [defensa_fisica] activo
2026-07-09 00:51:38,810 [INFO] Quantum: Aceptado (confianza=1.00)
2026-07-09 00:51:38,810 [INFO] 🟢 [cuantico] activo
2026-07-09 00:51:38,811 [INFO] Honeypot escuchando en puerto 2222
2026-07-09 00:51:38,811 [INFO] 🟢 [honeypot] activo
2026-07-09 00:51:38,814 [INFO] IA Core: 8 octantes activos
2026-07-09 00:51:38,814 [INFO] 🟢 [ia_core] activo
2026-07-09 00:51:38,814 [INFO] ✅ TQSC listo. 6/6 núcleos activos.
2026-07-09 00:52:05,736 [INFO] 🧬 OctaRCQ-X8: 18 subnúcleos listos
2026-07-09 00:52:05,736 [INFO] 🧠 TQSC v1.0 inicializado — 6 núcleos listos
2026-07-09 00:52:05,736 [INFO] 🚀 TQSC arrancando...
2026-07-09 00:52:05,737 [INFO] 🟢 [blockchain] activo
2026-07-09 00:52:07,130 [INFO] Entropía: 1.0
2026-07-09 00:52:07,130 [INFO] 🟢 [entropia] activo
2026-07-09 00:52:07,976 [INFO] 🟢 [defensa_fisica] activo
2026-07-09 00:52:07,977 [INFO] Quantum: Aceptado (confianza=1.00)
2026-07-09 00:52:07,977 [INFO] 🟢 [cuantico] activo
2026-07-09 00:52:07,978 [INFO] Honeypot escuchando en puerto 2222
2026-07-09 00:52:07,978 [INFO] 🟢 [honeypot] activo
2026-07-09 00:52:07,982 [INFO] IA Core: 8 octantes activos
2026-07-09 00:52:07,982 [INFO] 🟢 [ia_core] activo
2026-07-09 00:52:07,982 [INFO] ✅ TQSC listo. 6/6 núcleos activos.
2026-07-09 00:52:08,983 [INFO] ⏹️ TQSC deteniéndose...
2026-07-09 00:53:20,194 [INFO] 🧬 OctaRCQ-X8: 18 subnúcleos listos
2026-07-09 00:53:20,194 [INFO] 🧠 TQSC v1.0 inicializado — 6 núcleos listos
2026-07-09 00:53:20,194 [INFO] 🚀 TQSC arrancando...
2026-07-09 00:53:20,195 [INFO] 🟢 [blockchain] activo
2026-07-09 00:53:21,563 [INFO] Entropía: 1.0
2026-07-09 00:53:21,563 [INFO] 🟢 [entropia] activo
2026-07-09 00:53:22,397 [INFO] 🟢 [defensa_fisica] activo
2026-07-09 00:53:22,397 [INFO] Quantum: Aceptado (confianza=1.00)
2026-07-09 00:53:22,398 [INFO] 🟢 [cuantico] activo
2026-07-09 00:53:22,398 [INFO] Honeypot escuchando en puerto 2222
2026-07-09 00:53:22,398 [INFO] 🟢 [honeypot] activo
2026-07-09 00:53:22,402 [INFO] IA Core: 8 octantes activos
2026-07-09 00:53:22,402 [INFO] 🟢 [ia_core] activo
2026-07-09 00:53:22,402 [INFO] ✅ TQSC listo. 6/6 núcleos activos.
2026-07-09 00:54:08,730 [INFO] 🧬 OctaRCQ-X8: 18 subnúcleos listos
2026-07-09 00:54:08,730 [INFO] 🧠 TQSC v1.0 inicializado — 6 núcleos listos
2026-07-09 00:54:08,730 [INFO] 🚀 TQSC arrancando...
2026-07-09 00:54:08,730 [INFO] 🟢 [blockchain] activo
2026-07-09 00:54:10,080 [INFO] Entropía: 1.0
2026-07-09 00:54:10,080 [INFO] 🟢 [entropia] activo
2026-07-09 00:54:10,935 [INFO] 🟢 [defensa_fisica] activo
2026-07-09 00:54:10,936 [INFO] Quantum: Aceptado (confianza=1.00)
2026-07-09 00:54:10,936 [INFO] 🟢 [cuantico] activo
2026-07-09 00:54:10,936 [INFO] Honeypot escuchando en puerto 2222
2026-07-09 00:54:10,937 [INFO] 🟢 [honeypot] activo
2026-07-09 00:54:10,940 [INFO] IA Core: 8 octantes activos
2026-07-09 00:54:10,940 [INFO] 🟢 [ia_core] activo
2026-07-09 00:54:10,940 [INFO] ✅ TQSC listo. 6/6 núcleos activos.
2026-07-09 00:54:11,940 [INFO] ⏹️ TQSC deteniéndose...
2026-07-09 00:59:43,429 [INFO] 🧬 OctaRCQ-X8: 18 subnúcleos listos
2026-07-09 00:59:43,429 [INFO] 🧠 TQSC v1.0 inicializado — 6 núcleos listos
2026-07-09 00:59:43,429 [INFO] 🚀 TQSC arrancando...
2026-07-09 00:59:43,430 [INFO] 🟢 [blockchain] activo
2026-07-09 00:59:44,837 [INFO] Entropía: 1.0
2026-07-09 00:59:44,837 [INFO] 🟢 [entropia] activo
2026-07-09 00:59:45,698 [INFO] 🟢 [defensa_fisica] activo
2026-07-09 00:59:45,699 [INFO] Quantum: Aceptado (confianza=1.00)
2026-07-09 00:59:45,699 [INFO] 🟢 [cuantico] activo
2026-07-09 00:59:45,699 [INFO] Honeypot escuchando en puerto 2222
2026-07-09 00:59:45,700 [INFO] 🟢 [honeypot] activo
2026-07-09 00:59:45,703 [INFO] IA Core: 8 octantes activos
2026-07-09 00:59:45,703 [INFO] 🟢 [ia_core] activo
2026-07-09 00:59:45,703 [INFO] ✅ TQSC listo. 6/6 núcleos activos.
2026-07-09 01:00:12,162 [INFO] 🧬 OctaRCQ-X8: 18 subnúcleos listos
2026-07-09 01:00:12,162 [INFO] 🧠 TQSC v1.0 inicializado — 6 núcleos listos
2026-07-09 01:00:12,162 [INFO] 🚀 TQSC arrancando...
2026-07-09 01:00:12,163 [INFO] 🟢 [blockchain] activo
2026-07-09 01:00:13,564 [INFO] Entropía: 1.0
2026-07-09 01:00:13,565 [INFO] 🟢 [entropia] activo
2026-07-09 01:00:14,369 [INFO] 🟢 [defensa_fisica] activo
2026-07-09 01:00:14,369 [INFO] Quantum: Aceptado (confianza=1.00)
2026-07-09 01:00:14,370 [INFO] 🟢 [cuantico] activo
2026-07-09 01:00:14,370 [INFO] Honeypot escuchando en puerto 2222
2026-07-09 01:00:14,370 [INFO] 🟢 [honeypot] activo
2026-07-09 01:00:14,373 [INFO] IA Core: 8 octantes activos
2026-07-09 01:00:14,373 [INFO] 🟢 [ia_core] activo
2026-07-09 01:00:14,373 [INFO] ✅ TQSC listo. 6/6 núcleos activos.
2026-07-09 01:00:15,374 [INFO] ⏹️ TQSC deteniéndose...
2026-07-09 10:09:32,653 [INFO] 🧬 OctaRCQ-X8: 18 subnúcleos listos
2026-07-09 10:09:32,653 [INFO] Agente TQSC_Main creado: id=c9a0d426...
2026-07-09 10:09:32,653 [INFO] Agente registrado: TQSC_Main
2026-07-09 10:09:32,653 [INFO] 🧠 TQSC v1.0 inicializado — 9 núcleos/módulos listos
2026-07-09 10:09:32,653 [INFO] 🚀 TQSC arrancando...
2026-07-09 10:09:32,654 [INFO] 🟢 [blockchain] activo
2026-07-09 10:09:33,994 [INFO] Entropía: 1.0
2026-07-09 10:09:33,994 [INFO] 🟢 [entropia] activo
2026-07-09 10:09:34,809 [INFO] 🟢 [defensa_fisica] activo
2026-07-09 10:09:34,828 [INFO] Quantum: Aceptado (confianza=1.00)
2026-07-09 10:09:34,828 [INFO] 🟢 [cuantico] activo
2026-07-09 10:09:34,829 [INFO] Honeypot escuchando en puerto 2222
2026-07-09 10:09:34,829 [INFO] 🟢 [honeypot] activo
2026-07-09 10:09:34,832 [INFO] IA Core: 8 octantes activos
2026-07-09 10:09:34,832 [INFO] 🟢 [ia_core] activo
2026-07-09 10:09:34,832 [INFO] Cortex: estado=ok
2026-07-09 10:09:34,832 [INFO] 🟢 [cortex] activo
2026-07-09 10:09:34,832 [INFO] ProtocoloPaz: agente TQSC_Main listo
2026-07-09 10:09:34,833 [INFO]   Agentes conocidos: {'c9a0d42648a34409e5f1ca1ae5b00f7b': <core.protocolo_paz.IdentidadAgente object at 0x0000029A4D047510>}
2026-07-09 10:09:34,833 [INFO] 🟢 [protocolo_paz] activo
2026-07-09 10:09:34,833 [INFO] Memoria: 1 recuerdos, 1 válidos
2026-07-09 10:09:34,833 [INFO] 🟢 [memoria] activo
2026-07-09 10:09:34,833 [INFO] ✅ TQSC listo. 9/9 núcleos activos.
2026-07-09 10:17:12,374 [INFO] 🧬 OctaRCQ-X8: 18 subnúcleos listos
2026-07-09 10:17:12,374 [INFO] Agente TQSC_Main creado: id=fa1a986b...
2026-07-09 10:17:12,374 [INFO] Agente registrado: TQSC_Main
2026-07-09 10:17:12,375 [INFO] 🧠 TQSC v1.0 inicializado — 9 núcleos/módulos listos
2026-07-09 10:17:12,375 [INFO] 🚀 TQSC arrancando...
2026-07-09 10:17:12,376 [INFO] 🟢 [blockchain] activo
2026-07-09 10:17:13,691 [INFO] Entropía: 1.0
2026-07-09 10:17:13,691 [INFO] 🟢 [entropia] activo
2026-07-09 10:17:14,497 [INFO] 🟢 [defensa_fisica] activo
2026-07-09 10:17:14,497 [INFO] Quantum: Aceptado (confianza=1.00)
2026-07-09 10:17:14,497 [INFO] 🟢 [cuantico] activo
2026-07-09 10:17:14,498 [INFO] Honeypot escuchando en puerto 2222
2026-07-09 10:17:14,498 [INFO] 🟢 [honeypot] activo
2026-07-09 10:17:14,502 [INFO] IA Core: 8 octantes activos
2026-07-09 10:17:14,502 [INFO] 🟢 [ia_core] activo
2026-07-09 10:17:14,502 [INFO] Cortex: estado=ok
2026-07-09 10:17:14,502 [INFO] 🟢 [cortex] activo
2026-07-09 10:17:14,502 [INFO] ProtocoloPaz: agente TQSC_Main listo
2026-07-09 10:17:14,502 [INFO]   Agentes conocidos: {'fa1a986bd13d9fc868341a3698b1d10f': <core.protocolo_paz.IdentidadAgente object at 0x0000019B6B7D7490>}
2026-07-09 10:17:14,502 [INFO] 🟢 [protocolo_paz] activo
2026-07-09 10:17:14,502 [INFO] Memoria: 1 recuerdos, 1 válidos
2026-07-09 10:17:14,502 [INFO] 🟢 [memoria] activo
2026-07-09 10:17:14,502 [INFO] ✅ TQSC listo. 9/9 núcleos activos.
2026-07-09 10:17:31,280 [INFO] 🧬 OctaRCQ-X8: 18 subnúcleos listos
2026-07-09 10:17:31,280 [INFO] Agente TQSC_Main creado: id=7856f896...
2026-07-09 10:17:31,280 [INFO] Agente registrado: TQSC_Main
2026-07-09 10:17:31,280 [INFO] 🧠 TQSC v1.0 inicializado — 9 núcleos/módulos listos
2026-07-09 10:17:31,280 [INFO] 🚀 TQSC arrancando...
2026-07-09 10:17:31,281 [INFO] 🟢 [blockchain] activo
2026-07-09 10:17:32,631 [INFO] Entropía: 1.0
2026-07-09 10:17:32,631 [INFO] 🟢 [entropia] activo
2026-07-09 10:17:33,429 [INFO] 🟢 [defensa_fisica] activo
2026-07-09 10:17:33,430 [INFO] Quantum: Aceptado (confianza=1.00)
2026-07-09 10:17:33,430 [INFO] 🟢 [cuantico] activo
2026-07-09 10:17:33,431 [INFO] Honeypot escuchando en puerto 2222
2026-07-09 10:17:33,431 [INFO] 🟢 [honeypot] activo
2026-07-09 10:17:33,434 [INFO] IA Core: 8 octantes activos
2026-07-09 10:17:33,435 [INFO] 🟢 [ia_core] activo
2026-07-09 10:17:33,435 [INFO] Cortex: estado=ok
2026-07-09 10:17:33,435 [INFO] 🟢 [cortex] activo
2026-07-09 10:17:33,435 [INFO] ProtocoloPaz: agente TQSC_Main listo
2026-07-09 10:17:33,435 [INFO]   Agentes conocidos: {'7856f896a5f8a120eac346ea5a32ab05': <core.protocolo_paz.IdentidadAgente object at 0x00000177D79D7550>}
2026-07-09 10:17:33,435 [INFO] 🟢 [protocolo_paz] activo
2026-07-09 10:17:33,435 [INFO] Memoria: 1 recuerdos, 1 válidos
2026-07-09 10:17:33,435 [INFO] 🟢 [memoria] activo
2026-07-09 10:17:33,436 [INFO] ✅ TQSC listo. 9/9 núcleos activos.
2026-07-09 10:17:34,436 [INFO] ⏹️ TQSC deteniéndose...
2026-07-09 10:17:50,336 [INFO] 🧬 OctaRCQ-X8: 18 subnúcleos listos
2026-07-09 10:17:50,337 [INFO] Agente TQSC_Main creado: id=dfc412e7...
2026-07-09 10:17:50,337 [INFO] Agente registrado: TQSC_Main
2026-07-09 10:17:50,337 [INFO] 🧠 TQSC v1.0 inicializado — 9 núcleos/módulos listos
2026-07-09 10:17:50,337 [INFO] 🚀 TQSC arrancando...
2026-07-09 10:17:50,337 [INFO] 🟢 [blockchain] activo
2026-07-09 10:17:51,716 [INFO] Entropía: 1.0
2026-07-09 10:17:51,716 [INFO] 🟢 [entropia] activo
2026-07-09 10:17:52,496 [INFO] 🟢 [defensa_fisica] activo
2026-07-09 10:17:52,496 [INFO] Quantum: Aceptado (confianza=1.00)
2026-07-09 10:17:52,496 [INFO] 🟢 [cuantico] activo
2026-07-09 10:17:52,496 [INFO] Honeypot escuchando en puerto 2222
2026-07-09 10:17:52,496 [INFO] 🟢 [honeypot] activo
2026-07-09 10:17:52,510 [INFO] IA Core: 8 octantes activos
2026-07-09 10:17:52,510 [INFO] 🟢 [ia_core] activo
2026-07-09 10:17:52,510 [INFO] Cortex: estado=ok
2026-07-09 10:17:52,510 [INFO] 🟢 [cortex] activo
2026-07-09 10:17:52,510 [INFO] ProtocoloPaz: agente TQSC_Main listo
2026-07-09 10:17:52,510 [INFO]   Agentes conocidos: {'dfc412e708572c420d3fad5321fc5394': <core.protocolo_paz.IdentidadAgente object at 0x0000023708107550>}
2026-07-09 10:17:52,510 [INFO] 🟢 [protocolo_paz] activo
2026-07-09 10:17:52,576 [INFO] Memoria: 1 recuerdos, 1 válidos
2026-07-09 10:17:52,576 [INFO] 🟢 [memoria] activo
2026-07-09 10:17:52,576 [INFO] ✅ TQSC listo. 9/9 núcleos activos.
2026-07-09 10:17:53,577 [INFO] ⏹️ TQSC deteniéndose...
2026-07-09 10:17:53,689 [INFO] 🧬 OctaRCQ-X8: 18 subnúcleos listos
2026-07-09 10:17:53,689 [INFO] Agente TQSC_Main creado: id=ca95dd32...
2026-07-09 10:17:53,689 [INFO] Agente registrado: TQSC_Main
2026-07-09 10:17:53,691 [INFO] 🧠 TQSC v1.0 inicializado — 9 núcleos/módulos listos
2026-07-09 10:27:28,425 [INFO] 🧬 OctaRCQ-X8: 18 subnúcleos listos
2026-07-09 10:27:28,425 [INFO] Agente TQSC_Main creado: id=a03461af...
2026-07-09 10:27:28,425 [INFO] Agente registrado: TQSC_Main
2026-07-09 10:27:28,425 [INFO] 🧠 TQSC v1.0 inicializado — 9 núcleos/módulos listos
2026-07-09 10:27:28,425 [INFO] 🚀 TQSC arrancando...
2026-07-09 10:27:28,426 [INFO] 🟢 [blockchain] activo
2026-07-09 10:27:29,790 [INFO] Entropía: 1.0
2026-07-09 10:27:29,790 [INFO] 🟢 [entropia] activo
2026-07-09 10:27:30,588 [INFO] 🟢 [defensa_fisica] activo
2026-07-09 10:27:30,588 [INFO] Quantum: Aceptado (confianza=1.00)
2026-07-09 10:27:30,589 [INFO] 🟢 [cuantico] activo
2026-07-09 10:27:30,589 [INFO] Honeypot escuchando en puerto 2222
2026-07-09 10:27:30,589 [INFO] 🟢 [honeypot] activo
2026-07-09 10:27:30,594 [INFO] IA Core: 8 octantes activos
2026-07-09 10:27:30,594 [INFO] 🟢 [ia_core] activo
2026-07-09 10:27:30,594 [INFO] Cortex: estado=ok
2026-07-09 10:27:30,594 [INFO] 🟢 [cortex] activo
2026-07-09 10:27:30,594 [INFO] ProtocoloPaz: agente TQSC_Main listo
2026-07-09 10:27:30,594 [INFO]   Agentes conocidos: {'a03461afb8f940018d0f59f10d43e36e': <core.protocolo_paz.IdentidadAgente object at 0x0000017B98B08A10>}
2026-07-09 10:27:30,595 [INFO] 🟢 [protocolo_paz] activo
2026-07-09 10:27:30,595 [INFO] Memoria: 1 recuerdos, 1 válidos
2026-07-09 10:27:30,595 [INFO] 🟢 [memoria] activo
2026-07-09 10:27:30,595 [INFO] ✅ TQSC listo. 9/9 núcleos activos.
2026-07-09 10:28:32,450 [INFO] 🧬 OctaRCQ-X8: 18 subnúcleos listos
2026-07-09 10:28:32,450 [INFO] Agente TQSC_Main creado: id=4102ce60...
2026-07-09 10:28:32,450 [INFO] Agente registrado: TQSC_Main
2026-07-09 10:28:32,450 [INFO] 🧠 TQSC v1.0 inicializado — 9 núcleos/módulos listos
2026-07-09 10:28:32,450 [INFO] 🚀 TQSC arrancando...
2026-07-09 10:28:32,450 [INFO] 🟢 [blockchain] activo
2026-07-09 10:28:33,953 [INFO] Entropía: 1.0
2026-07-09 10:28:33,953 [INFO] 🟢 [entropia] activo
2026-07-09 10:28:34,935 [INFO] 🟢 [defensa_fisica] activo
2026-07-09 10:28:34,935 [INFO] Quantum: Aceptado (confianza=1.00)
2026-07-09 10:28:34,935 [INFO] 🟢 [cuantico] activo
2026-07-09 10:28:34,938 [INFO] Honeypot escuchando en puerto 2222
2026-07-09 10:28:34,938 [INFO] 🟢 [honeypot] activo
2026-07-09 10:28:34,942 [INFO] IA Core: 8 octantes activos
2026-07-09 10:28:34,942 [INFO] 🟢 [ia_core] activo
2026-07-09 10:28:34,942 [INFO] Cortex: estado=ok
2026-07-09 10:28:34,942 [INFO] 🟢 [cortex] activo
2026-07-09 10:28:34,942 [INFO] ProtocoloPaz: agente TQSC_Main listo
2026-07-09 10:28:34,942 [INFO]   Agentes conocidos: {'4102ce60c9ff1ba422c2c8d9be9cfa91': <core.protocolo_paz.IdentidadAgente object at 0x00000237AE688990>}
2026-07-09 10:28:34,942 [INFO] 🟢 [protocolo_paz] activo
2026-07-09 10:28:34,942 [INFO] Memoria: 1 recuerdos, 1 válidos
2026-07-09 10:28:34,942 [INFO] 🟢 [memoria] activo
2026-07-09 10:28:34,942 [INFO] ✅ TQSC listo. 9/9 núcleos activos.
2026-07-09 10:28:35,944 [INFO] ⏹️ TQSC deteniéndose...
2026-07-09 10:31:31,718 [INFO] SyscallMonitor: ctypes inicializado correctamente
2026-07-09 10:31:31,718 [INFO] 🧬 OctaRCQ-X8: 18 subnúcleos listos
2026-07-09 10:31:31,718 [INFO] Agente TQSC_Main creado: id=b793e03f...
2026-07-09 10:31:31,718 [INFO] Agente registrado: TQSC_Main
2026-07-09 10:31:31,718 [INFO] 🧠 TQSC v1.0 inicializado — 9 núcleos/módulos listos
2026-07-09 10:31:31,718 [INFO] 🚀 TQSC arrancando...
2026-07-09 10:31:31,719 [INFO] 🟢 [blockchain] activo
2026-07-09 10:31:33,089 [INFO] Entropía: 1.0
2026-07-09 10:31:33,089 [INFO] 🟢 [entropia] activo
2026-07-09 10:31:33,106 [INFO] SyscallMonitor: monitoreo activo (intervalo=2.0s)
2026-07-09 10:31:33,106 [INFO] DefenseCore: syscall monitor activo
2026-07-09 10:31:33,962 [WARNING] PIDSignature[0]: (pid=0)
2026-07-09 10:31:33,962 [WARNING] PIDSignature[4]: [Errno 2] No such file or directory: ''
2026-07-09 10:31:33,963 [WARNING] PIDSignature[236]: [Errno 2] No such file or directory: ''
2026-07-09 10:31:33,963 [WARNING] PIDSignature[280]: [Errno 2] No such file or directory: 'Registry'
2026-07-09 10:31:33,965 [WARNING] SyscallMonitor: 🔴 [nuevo_proceso: 4] hilos: 470
2026-07-09 10:31:34,210 [WARNING] PIDSignature[4004]: [Errno 2] No such file or directory: 'MemCompression'
2026-07-09 10:31:41,994 [INFO] SyscallMonitor: ctypes inicializado correctamente
2026-07-09 10:31:41,995 [INFO] 🧬 OctaRCQ-X8: 18 subnúcleos listos
2026-07-09 10:31:41,995 [INFO] Agente TQSC_Main creado: id=454bc444...
2026-07-09 10:31:41,995 [INFO] Agente registrado: TQSC_Main
2026-07-09 10:31:41,995 [INFO] 🧠 TQSC v1.0 inicializado — 9 núcleos/módulos listos
2026-07-09 10:31:41,995 [INFO] 🚀 TQSC arrancando...
2026-07-09 10:31:41,996 [INFO] 🟢 [blockchain] activo
2026-07-09 10:31:43,389 [INFO] Entropía: 1.0
2026-07-09 10:31:43,389 [INFO] 🟢 [entropia] activo
2026-07-09 10:31:43,406 [INFO] SyscallMonitor: monitoreo activo (intervalo=2.0s)
2026-07-09 10:31:43,406 [INFO] DefenseCore: syscall monitor activo
2026-07-09 10:31:44,239 [WARNING] PIDSignature[0]: (pid=0)
2026-07-09 10:31:44,239 [WARNING] PIDSignature[4]: [Errno 2] No such file or directory: ''
2026-07-09 10:31:44,240 [WARNING] PIDSignature[236]: [Errno 2] No such file or directory: ''
2026-07-09 10:31:44,240 [WARNING] PIDSignature[280]: [Errno 2] No such file or directory: 'Registry'
2026-07-09 10:31:44,244 [WARNING] SyscallMonitor: 🔴 [nuevo_proceso: 4] hilos: 470
2026-07-09 10:31:44,471 [WARNING] PIDSignature[4004]: [Errno 2] No such file or directory: 'MemCompression'
2026-07-09 10:31:55,242 [INFO] SyscallMonitor: ctypes inicializado correctamente
2026-07-09 10:31:55,243 [INFO] 🧬 OctaRCQ-X8: 18 subnúcleos listos
2026-07-09 10:31:55,243 [INFO] Agente TQSC_Main creado: id=4871f808...
2026-07-09 10:31:55,243 [INFO] Agente registrado: TQSC_Main
2026-07-09 10:31:55,243 [INFO] 🧠 TQSC v1.0 inicializado — 9 núcleos/módulos listos
2026-07-09 10:31:55,243 [INFO] 🚀 TQSC arrancando...
2026-07-09 10:31:55,244 [INFO] 🟢 [blockchain] activo
2026-07-09 10:31:56,635 [INFO] Entropía: 1.0
2026-07-09 10:31:56,635 [INFO] 🟢 [entropia] activo
2026-07-09 10:31:56,652 [INFO] SyscallMonitor: monitoreo activo (intervalo=2.0s)
2026-07-09 10:31:56,652 [INFO] DefenseCore: syscall monitor activo
2026-07-09 10:31:57,475 [WARNING] PIDSignature[0]: (pid=0)
2026-07-09 10:31:57,475 [WARNING] PIDSignature[4]: [Errno 2] No such file or directory: ''
2026-07-09 10:31:57,476 [WARNING] PIDSignature[236]: [Errno 2] No such file or directory: ''
2026-07-09 10:31:57,476 [WARNING] PIDSignature[280]: [Errno 2] No such file or directory: 'Registry'
2026-07-09 10:31:57,480 [WARNING] SyscallMonitor: 🔴 [nuevo_proceso: 4] hilos: 470
2026-07-09 10:31:57,701 [WARNING] PIDSignature[4004]: [Errno 2] No such file or directory: 'MemCompression'
2026-07-09 10:32:06,224 [INFO] SyscallMonitor: ctypes inicializado correctamente
2026-07-09 10:32:06,225 [INFO] 🧬 OctaRCQ-X8: 18 subnúcleos listos
2026-07-09 10:32:06,225 [INFO] Agente TQSC_Main creado: id=3db517fd...
2026-07-09 10:32:06,225 [INFO] Agente registrado: TQSC_Main
2026-07-09 10:32:06,225 [INFO] 🧠 TQSC v1.0 inicializado — 9 núcleos/módulos listos
2026-07-09 10:32:06,225 [INFO] 🚀 TQSC arrancando...
2026-07-09 10:32:06,226 [INFO] 🟢 [blockchain] activo
2026-07-09 10:32:07,597 [INFO] Entropía: 1.0
2026-07-09 10:32:07,597 [INFO] 🟢 [entropia] activo
2026-07-09 10:32:07,613 [INFO] SyscallMonitor: monitoreo activo (intervalo=2.0s)
2026-07-09 10:32:07,614 [INFO] DefenseCore: syscall monitor activo
2026-07-09 10:32:08,427 [WARNING] PIDSignature[0]: (pid=0)
2026-07-09 10:32:08,427 [WARNING] PIDSignature[4]: [Errno 2] No such file or directory: ''
2026-07-09 10:32:08,428 [WARNING] PIDSignature[236]: [Errno 2] No such file or directory: ''
2026-07-09 10:32:08,428 [WARNING] PIDSignature[280]: [Errno 2] No such file or directory: 'Registry'
2026-07-09 10:32:08,432 [WARNING] SyscallMonitor: 🔴 [nuevo_proceso: 4] hilos: 470
2026-07-09 10:32:08,655 [WARNING] PIDSignature[4004]: [Errno 2] No such file or directory: 'MemCompression'
2026-07-09 10:32:09,113 [WARNING] SyscallMonitor: 🔴 [nuevo_proceso: 5264] hilos: 112
2026-07-09 10:32:21,341 [INFO] SyscallMonitor: ctypes inicializado correctamente
2026-07-09 10:32:21,343 [INFO] 🧬 OctaRCQ-X8: 18 subnúcleos listos
2026-07-09 10:32:21,343 [INFO] Agente TQSC_Main creado: id=79945404...
2026-07-09 10:32:21,343 [INFO] Agente registrado: TQSC_Main
2026-07-09 10:32:21,343 [INFO] 🧠 TQSC v1.0 inicializado — 9 núcleos/módulos listos
2026-07-09 10:32:21,343 [INFO] 🚀 TQSC arrancando...
2026-07-09 10:32:21,344 [INFO] 🟢 [blockchain] activo
2026-07-09 10:32:22,717 [INFO] Entropía: 1.0
2026-07-09 10:32:22,718 [INFO] 🟢 [entropia] activo
2026-07-09 10:32:22,735 [INFO] SyscallMonitor: monitoreo activo (intervalo=2.0s)
2026-07-09 10:32:22,735 [INFO] DefenseCore: syscall monitor activo
2026-07-09 10:32:23,538 [WARNING] PIDSignature[0]: (pid=0)
2026-07-09 10:32:23,538 [WARNING] PIDSignature[4]: [Errno 2] No such file or directory: ''
2026-07-09 10:32:23,539 [WARNING] PIDSignature[236]: [Errno 2] No such file or directory: ''
2026-07-09 10:32:23,539 [WARNING] PIDSignature[280]: [Errno 2] No such file or directory: 'Registry'
2026-07-09 10:32:23,542 [WARNING] SyscallMonitor: 🔴 [nuevo_proceso: 4] hilos: 470
2026-07-09 10:32:23,765 [WARNING] PIDSignature[4004]: [Errno 2] No such file or directory: 'MemCompression'
2026-07-09 10:33:09,545 [INFO] SyscallMonitor: ctypes inicializado correctamente
2026-07-09 10:33:09,546 [INFO] 🧬 OctaRCQ-X8: 18 subnúcleos listos
2026-07-09 10:33:09,546 [INFO] Agente TQSC_Main creado: id=83d46f90...
2026-07-09 10:33:09,546 [INFO] Agente registrado: TQSC_Main
2026-07-09 10:33:09,546 [INFO] 🧠 TQSC v1.0 inicializado — 9 núcleos/módulos listos
2026-07-09 10:33:09,546 [INFO] 🚀 TQSC arrancando...
2026-07-09 10:33:09,547 [INFO] 🟢 [blockchain] activo
2026-07-09 10:33:10,895 [INFO] Entropía: 1.0
2026-07-09 10:33:10,895 [INFO] 🟢 [entropia] activo
2026-07-09 10:33:10,912 [INFO] SyscallMonitor: monitoreo activo (intervalo=2.0s)
2026-07-09 10:33:10,912 [INFO] DefenseCore: syscall monitor activo
2026-07-09 10:33:11,738 [WARNING] PIDSignature[0]: (pid=0)
2026-07-09 10:33:11,738 [WARNING] PIDSignature[4]: [Errno 2] No such file or directory: ''
2026-07-09 10:33:11,739 [WARNING] PIDSignature[236]: [Errno 2] No such file or directory: ''
2026-07-09 10:33:11,739 [WARNING] PIDSignature[280]: [Errno 2] No such file or directory: 'Registry'
2026-07-09 10:33:11,742 [WARNING] SyscallMonitor: 🔴 [nuevo_proceso: 4] hilos: 470
2026-07-09 10:33:11,966 [WARNING] PIDSignature[4004]: [Errno 2] No such file or directory: 'MemCompression'
2026-07-09 10:33:12,423 [WARNING] SyscallMonitor: 🔴 [nuevo_proceso: 5264] hilos: 113
2026-07-09 10:33:12,465 [WARNING] SyscallMonitor: 🔴 [nuevo_proceso: 5340] hilos: 189
2026-07-09 10:33:12,849 [WARNING] SyscallMonitor: 🔴 [nuevo_proceso: 17760] hilos: 55
2026-07-09 10:33:13,105 [WARNING] SyscallMonitor: 🔴 [nuevo_proceso: 5508] hilos: 107
2026-07-09 10:33:13,108 [INFO] 🟢 [defensa_fisica] activo
2026-07-09 10:33:13,109 [INFO] Quantum: Aceptado (confianza=1.00)
2026-07-09 10:33:13,109 [INFO] 🟢 [cuantico] activo
2026-07-09 10:33:13,109 [INFO] Honeypot escuchando en puerto 2222
2026-07-09 10:33:13,109 [INFO] 🟢 [honeypot] activo
2026-07-09 10:33:13,113 [INFO] IA Core: 8 octantes activos
2026-07-09 10:33:13,114 [INFO] 🟢 [ia_core] activo
2026-07-09 10:33:13,114 [INFO] Cortex: estado=ok
2026-07-09 10:33:13,114 [INFO] 🟢 [cortex] activo
2026-07-09 10:33:13,114 [INFO] ProtocoloPaz: agente TQSC_Main listo
2026-07-09 10:33:13,114 [INFO]   Agentes conocidos: {'83d46f90762502b010a3716f85d35d5a': <core.protocolo_paz.IdentidadAgente object at 0x000002147FC88290>}
2026-07-09 10:33:13,114 [INFO] 🟢 [protocolo_paz] activo
2026-07-09 10:33:13,114 [INFO] Memoria: 1 recuerdos, 1 válidos
2026-07-09 10:33:13,114 [INFO] 🟢 [memoria] activo
2026-07-09 10:33:13,114 [INFO] ✅ TQSC listo. 9/9 núcleos activos.
2026-07-09 10:33:13,139 [WARNING] SyscallMonitor: 🔴 [nuevo_proceso: 31588] hilos: 70
2026-07-09 10:33:13,260 [WARNING] SyscallMonitor: 🔴 [nuevo_proceso: 1908] hilos: 156
2026-07-09 10:33:13,415 [WARNING] SyscallMonitor: 🔴 [nuevo_proceso: 6112] hilos: 52
2026-07-09 10:33:13,440 [WARNING] SyscallMonitor: 🔴 [nuevo_proceso: 2480] hilos: 74
2026-07-09 10:33:13,513 [WARNING] SyscallMonitor: 🔴 [nuevo_proceso: 28956] hilos: 76
2026-07-09 10:33:13,580 [WARNING] SyscallMonitor: 🔴 [nuevo_proceso: 36112] hilos: 67
2026-07-09 10:33:13,685 [WARNING] SyscallMonitor: 🔴 [nuevo_proceso: 28428] hilos: 75
2026-07-09 10:33:13,748 [WARNING] SyscallMonitor: 🔴 [nuevo_proceso: 5444] shell: powershell.exe
2026-07-09 10:33:13,764 [WARNING] SyscallMonitor: 🔴 [nuevo_proceso: 14604] hilos: 58
2026-07-09 10:33:13,773 [WARNING] SyscallMonitor: 🔴 [nuevo_proceso: 28220] hilos: 64
2026-07-09 10:33:13,869 [WARNING] SyscallMonitor: 🔴 [nuevo_proceso: 12512] hilos: 75
2026-07-09 10:33:13,910 [WARNING] SyscallMonitor: 🔴 [nuevo_proceso: 25184] chrome.exe → cmd.exe; shell: cmd.exe
2026-07-09 10:33:13,918 [WARNING] SyscallMonitor: 🔴 [nuevo_proceso: 33876] chrome.exe → cmd.exe; shell: cmd.exe
2026-07-09 10:33:13,991 [WARNING] SyscallMonitor: 🔴 [nuevo_proceso: 15784] hilos: 72
2026-07-09 10:33:14,103 [WARNING] SyscallMonitor: 🔴 [nuevo_proceso: 26980] shell: cmd.exe
2026-07-09 10:33:14,116 [INFO] ⏹️ TQSC deteniéndose...
2026-07-09 10:37:36,139 [INFO] SyscallMonitor: MODO TEST — sin hardware real
2026-07-09 10:37:36,139 [INFO] 🧬 OctaRCQ-X8: 18 subnúcleos listos
2026-07-09 10:37:36,139 [INFO] Agente TQSC_Main creado: id=723cc11a...
2026-07-09 10:37:36,139 [INFO] Agente registrado: TQSC_Main
2026-07-09 10:37:36,140 [INFO] 🧠 TQSC v1.0 inicializado — 9 núcleos/módulos listos
2026-07-09 10:37:36,140 [INFO] 🚀 TQSC arrancando...
2026-07-09 10:37:36,140 [INFO] 🟢 [blockchain] activo
2026-07-09 10:37:37,582 [INFO] Entropía: 1.0
2026-07-09 10:37:37,582 [INFO] 🟢 [entropia] activo
2026-07-09 10:37:37,582 [INFO] SyscallMonitor: monitoreo simulado (test mode)
2026-07-09 10:37:37,583 [INFO] DefenseCore: syscall monitor activo
2026-07-09 10:37:38,424 [INFO] 🟢 [defensa_fisica] activo
2026-07-09 10:37:38,424 [INFO] Quantum: Aceptado (confianza=1.00)
2026-07-09 10:37:38,424 [INFO] 🟢 [cuantico] activo
2026-07-09 10:37:38,425 [INFO] Honeypot escuchando en puerto 2222
2026-07-09 10:37:38,425 [INFO] 🟢 [honeypot] activo
2026-07-09 10:37:38,429 [INFO] IA Core: 8 octantes activos
2026-07-09 10:37:38,430 [INFO] 🟢 [ia_core] activo
2026-07-09 10:37:38,430 [INFO] Cortex: estado=ok
2026-07-09 10:37:38,430 [INFO] 🟢 [cortex] activo
2026-07-09 10:37:38,430 [INFO] ProtocoloPaz: agente TQSC_Main listo
2026-07-09 10:37:38,430 [INFO]   Agentes conocidos: {'723cc11ab62603d363d1260562fffc22': <core.protocolo_paz.IdentidadAgente object at 0x000001ABB5C7B0D0>}
2026-07-09 10:37:38,430 [INFO] 🟢 [protocolo_paz] activo
2026-07-09 10:37:38,430 [INFO] Memoria: 1 recuerdos, 1 válidos
2026-07-09 10:37:38,430 [INFO] 🟢 [memoria] activo
2026-07-09 10:37:38,430 [INFO] ✅ TQSC listo. 9/9 núcleos activos.
2026-07-09 10:37:39,431 [INFO] ⏹️ TQSC deteniéndose...
2026-07-09 10:38:07,489 [INFO] SyscallMonitor: MODO TEST — sin hardware real
2026-07-09 10:38:07,489 [INFO] 🧬 OctaRCQ-X8: 18 subnúcleos listos
2026-07-09 10:38:07,490 [INFO] Agente TQSC_Main creado: id=bb78ab19...
2026-07-09 10:38:07,490 [INFO] Agente registrado: TQSC_Main
2026-07-09 10:38:07,490 [INFO] 🧠 TQSC v1.0 inicializado — 9 núcleos/módulos listos
2026-07-09 10:38:07,490 [INFO] 🚀 TQSC arrancando...
2026-07-09 10:38:07,491 [INFO] 🟢 [blockchain] activo
2026-07-09 10:38:08,881 [INFO] Entropía: 1.0
2026-07-09 10:38:08,881 [INFO] 🟢 [entropia] activo
2026-07-09 10:38:08,881 [INFO] SyscallMonitor: monitoreo simulado (test mode)
2026-07-09 10:38:08,881 [INFO] DefenseCore: syscall monitor activo
2026-07-09 10:38:09,736 [INFO] 🟢 [defensa_fisica] activo
2026-07-09 10:38:09,737 [INFO] Quantum: Aceptado (confianza=1.00)
2026-07-09 10:38:09,737 [INFO] 🟢 [cuantico] activo
2026-07-09 10:38:09,737 [INFO] Honeypot escuchando en puerto 2222
2026-07-09 10:38:09,737 [INFO] 🟢 [honeypot] activo
2026-07-09 10:38:09,742 [INFO] IA Core: 8 octantes activos
2026-07-09 10:38:09,742 [INFO] 🟢 [ia_core] activo
2026-07-09 10:38:09,742 [INFO] Cortex: estado=ok
2026-07-09 10:38:09,742 [INFO] 🟢 [cortex] activo
2026-07-09 10:38:09,742 [INFO] ProtocoloPaz: agente TQSC_Main listo
2026-07-09 10:38:09,742 [INFO]   Agentes conocidos: {'bb78ab19b3a95f658119b0b72252301c': <core.protocolo_paz.IdentidadAgente object at 0x000002119D64B0D0>}
2026-07-09 10:38:09,742 [INFO] 🟢 [protocolo_paz] activo
2026-07-09 10:38:09,742 [INFO] Memoria: 1 recuerdos, 1 válidos
2026-07-09 10:38:09,742 [INFO] 🟢 [memoria] activo
2026-07-09 10:38:09,742 [INFO] ✅ TQSC listo. 9/9 núcleos activos.
2026-07-09 10:38:10,743 [INFO] ⏹️ TQSC deteniéndose...
2026-07-09 10:40:51,460 [INFO] SyscallMonitor: MODO TEST — sin hardware real
2026-07-09 10:40:51,460 [INFO] 🧬 OctaRCQ-X8: 18 subnúcleos listos
2026-07-09 10:40:51,460 [INFO] Agente TQSC_Main creado: id=73b35d93...
2026-07-09 10:40:51,460 [INFO] Agente registrado: TQSC_Main
2026-07-09 10:40:51,460 [INFO] 🧠 TQSC v1.0 inicializado — 9 núcleos/módulos listos
2026-07-09 10:40:51,460 [INFO] 🚀 TQSC arrancando...
2026-07-09 10:40:51,461 [INFO] 🟢 [blockchain] activo
2026-07-09 10:40:52,858 [INFO] Entropía: 1.0
2026-07-09 10:40:52,858 [INFO] 🟢 [entropia] activo
2026-07-09 10:40:52,858 [INFO] SyscallMonitor: monitoreo simulado (test mode)
2026-07-09 10:40:52,858 [INFO] DefenseCore: syscall monitor activo
2026-07-09 10:40:53,706 [INFO] 🟢 [defensa_fisica] activo
2026-07-09 10:40:53,707 [INFO] Quantum: Aceptado (confianza=1.00)
2026-07-09 10:40:53,707 [INFO] 🟢 [cuantico] activo
2026-07-09 10:40:53,708 [INFO] Honeypot escuchando en puerto 2222
2026-07-09 10:40:53,708 [INFO] 🟢 [honeypot] activo
2026-07-09 10:40:53,711 [INFO] IA Core: 8 octantes activos
2026-07-09 10:40:53,711 [INFO] 🟢 [ia_core] activo
2026-07-09 10:40:53,711 [INFO] Cortex: estado=ok
2026-07-09 10:40:53,711 [INFO] 🟢 [cortex] activo
2026-07-09 10:40:53,712 [INFO] ProtocoloPaz: agente TQSC_Main listo
2026-07-09 10:40:53,712 [INFO]   Agentes conocidos: {'73b35d937d4a22169aca35fd5c882d11': <core.protocolo_paz.IdentidadAgente object at 0x000001F2284FF6D0>}
2026-07-09 10:40:53,712 [INFO] 🟢 [protocolo_paz] activo
2026-07-09 10:40:53,712 [INFO] Memoria: 1 recuerdos, 1 válidos
2026-07-09 10:40:53,712 [INFO] 🟢 [memoria] activo
2026-07-09 10:40:53,712 [INFO] ✅ TQSC listo. 9/9 núcleos activos.
2026-07-09 10:41:52,964 [INFO] SyscallMonitor: MODO TEST — sin hardware real
2026-07-09 10:41:52,965 [INFO] 🧬 OctaRCQ-X8: 18 subnúcleos listos
2026-07-09 10:41:52,965 [INFO] Agente TQSC_Main creado: id=2a39f572...
2026-07-09 10:41:52,965 [INFO] Agente registrado: TQSC_Main
2026-07-09 10:41:52,965 [INFO] 🧠 TQSC v1.0 inicializado — 9 núcleos/módulos listos
2026-07-09 10:41:52,965 [INFO] 🚀 TQSC arrancando...
2026-07-09 10:41:52,966 [INFO] 🟢 [blockchain] activo
2026-07-09 10:41:54,341 [INFO] Entropía: 1.0
2026-07-09 10:41:54,341 [INFO] 🟢 [entropia] activo
2026-07-09 10:41:54,342 [INFO] SyscallMonitor: monitoreo simulado (test mode)
2026-07-09 10:41:54,342 [INFO] DefenseCore: syscall monitor activo
2026-07-09 10:41:55,169 [INFO] 🟢 [defensa_fisica] activo
2026-07-09 10:41:55,170 [INFO] Quantum: Aceptado (confianza=1.00)
2026-07-09 10:41:55,170 [INFO] 🟢 [cuantico] activo
2026-07-09 10:41:55,170 [INFO] Honeypot escuchando en puerto 2222
2026-07-09 10:41:55,171 [INFO] 🟢 [honeypot] activo
2026-07-09 10:41:55,174 [INFO] IA Core: 8 octantes activos
2026-07-09 10:41:55,174 [INFO] 🟢 [ia_core] activo
2026-07-09 10:41:55,174 [INFO] Cortex: estado=ok
2026-07-09 10:41:55,174 [INFO] 🟢 [cortex] activo
2026-07-09 10:41:55,174 [INFO] ProtocoloPaz: agente TQSC_Main listo
2026-07-09 10:41:55,175 [INFO]   Agentes conocidos: {'2a39f572c4d1a49176c996e6781f27b3': <core.protocolo_paz.IdentidadAgente object at 0x0000029C3AE2F990>}
2026-07-09 10:41:55,175 [INFO] 🟢 [protocolo_paz] activo
2026-07-09 10:41:55,175 [INFO] Memoria: 1 recuerdos, 1 válidos
2026-07-09 10:41:55,175 [INFO] 🟢 [memoria] activo
2026-07-09 10:41:55,175 [INFO] ✅ TQSC listo. 9/9 núcleos activos.
2026-07-09 10:41:56,176 [INFO] ⏹️ TQSC deteniéndose...
2026-07-09 10:45:49,147 [INFO] SyscallMonitor: MODO TEST — sin hardware real
2026-07-09 10:45:49,148 [INFO] 🧬 OctaRCQ-X8: 18 subnúcleos listos
2026-07-09 10:45:49,148 [INFO] Agente TQSC_Main creado: id=75426b61...
2026-07-09 10:45:49,148 [INFO] Agente registrado: TQSC_Main
2026-07-09 10:45:49,148 [INFO] 🧠 TQSC v1.0 inicializado — 9 núcleos/módulos listos
2026-07-09 10:45:49,148 [INFO] 🚀 TQSC arrancando...
2026-07-09 10:45:49,149 [INFO] 🟢 [blockchain] activo
2026-07-09 10:45:50,545 [INFO] Entropía: 1.0
2026-07-09 10:45:50,545 [INFO] 🟢 [entropia] activo
2026-07-09 10:45:50,545 [INFO] SyscallMonitor: monitoreo simulado (test mode)
2026-07-09 10:45:50,546 [INFO] DefenseCore: syscall monitor activo
2026-07-09 10:45:51,373 [INFO] 🟢 [defensa_fisica] activo
2026-07-09 10:45:51,374 [INFO] Quantum: Aceptado (confianza=1.00)
2026-07-09 10:45:51,374 [INFO] 🟢 [cuantico] activo
2026-07-09 10:45:51,376 [INFO] Honeypot escuchando en puerto 2222
2026-07-09 10:45:51,376 [INFO] 🟢 [honeypot] activo
2026-07-09 10:45:51,380 [INFO] IA Core: 8 octantes activos
2026-07-09 10:45:51,380 [INFO] 🟢 [ia_core] activo
2026-07-09 10:45:51,380 [INFO] Cortex: estado=ok
2026-07-09 10:45:51,380 [INFO] 🟢 [cortex] activo
2026-07-09 10:45:51,380 [INFO] ProtocoloPaz: agente TQSC_Main listo
2026-07-09 10:45:51,380 [INFO]   Agentes conocidos: {'75426b619256cbd15c33d1b9ec712312': <core.protocolo_paz.IdentidadAgente object at 0x000002079B5E0AD0>}
2026-07-09 10:45:51,380 [INFO] 🟢 [protocolo_paz] activo
2026-07-09 10:45:51,380 [INFO] Memoria: 1 recuerdos, 1 válidos
2026-07-09 10:45:51,380 [INFO] 🟢 [memoria] activo
2026-07-09 10:45:51,380 [INFO] ✅ TQSC listo. 9/9 núcleos activos.
2026-07-09 10:47:45,438 [INFO] SyscallMonitor: MODO TEST — sin hardware real
2026-07-09 10:47:45,439 [INFO] 🧬 OctaRCQ-X8: 18 subnúcleos listos
2026-07-09 10:47:45,439 [INFO] Agente TQSC_Main creado: id=b2a09f24...
2026-07-09 10:47:45,439 [INFO] Agente registrado: TQSC_Main
2026-07-09 10:47:45,439 [INFO] 🧠 TQSC v1.0 inicializado — 9 núcleos/módulos listos
2026-07-09 10:47:45,439 [INFO] 🚀 TQSC arrancando...
2026-07-09 10:47:45,440 [INFO] 🟢 [blockchain] activo
2026-07-09 10:47:46,827 [INFO] Entropía: 1.0
2026-07-09 10:47:46,827 [INFO] 🟢 [entropia] activo
2026-07-09 10:47:46,827 [INFO] SyscallMonitor: monitoreo simulado (test mode)
2026-07-09 10:47:46,827 [INFO] DefenseCore: syscall monitor activo
2026-07-09 10:47:47,668 [INFO] 🟢 [defensa_fisica] activo
2026-07-09 10:47:47,669 [INFO] Quantum: Aceptado (confianza=1.00)
2026-07-09 10:47:47,669 [INFO] 🟢 [cuantico] activo
2026-07-09 10:47:47,670 [INFO] Honeypot escuchando en puerto 2222
2026-07-09 10:47:47,670 [INFO] 🟢 [honeypot] activo
2026-07-09 10:47:47,673 [INFO] IA Core: 8 octantes activos
2026-07-09 10:47:47,674 [INFO] 🟢 [ia_core] activo
2026-07-09 10:47:47,674 [INFO] Cortex: estado=ok
2026-07-09 10:47:47,674 [INFO] 🟢 [cortex] activo
2026-07-09 10:47:47,674 [INFO] ProtocoloPaz: agente TQSC_Main listo
2026-07-09 10:47:47,674 [INFO]   Agentes conocidos: {'b2a09f24fd169cbb72777b0606999ecb': <core.protocolo_paz.IdentidadAgente object at 0x0000022E96249ED0>}
2026-07-09 10:47:47,674 [INFO] 🟢 [protocolo_paz] activo
2026-07-09 10:47:47,674 [INFO] Memoria: 1 recuerdos, 1 válidos
2026-07-09 10:47:47,674 [INFO] 🟢 [memoria] activo
2026-07-09 10:47:47,674 [INFO] ✅ TQSC listo. 9/9 núcleos activos.
2026-07-09 10:47:48,675 [INFO] ⏹️ TQSC deteniéndose...
2026-07-09 10:50:13,740 [INFO] SyscallMonitor: MODO TEST — sin hardware real
2026-07-09 10:50:13,741 [INFO] 🧬 OctaRCQ-X8: 18 subnúcleos listos
2026-07-09 10:50:13,741 [INFO] Agente TQSC_Main creado: id=53dacae4...
2026-07-09 10:50:13,741 [INFO] Agente registrado: TQSC_Main
2026-07-09 10:50:13,741 [INFO] 🧠 TQSC v1.0 inicializado — 9 núcleos/módulos listos
2026-07-09 10:50:13,741 [INFO] 🚀 TQSC arrancando...
2026-07-09 10:50:13,742 [INFO] 🟢 [blockchain] activo
2026-07-09 10:50:15,075 [INFO] Entropía: 1.0
2026-07-09 10:50:15,075 [INFO] 🟢 [entropia] activo
2026-07-09 10:50:15,075 [INFO] SyscallMonitor: monitoreo simulado (test mode)
2026-07-09 10:50:15,075 [INFO] DefenseCore: syscall monitor activo
2026-07-09 10:50:15,857 [INFO] 🟢 [defensa_fisica] activo
2026-07-09 10:50:15,858 [INFO] Quantum: Aceptado (confianza=1.00)
2026-07-09 10:50:15,858 [INFO] 🟢 [cuantico] activo
2026-07-09 10:50:15,858 [INFO] Honeypot escuchando en puerto 2222
2026-07-09 10:50:15,858 [INFO] 🟢 [honeypot] activo
2026-07-09 10:50:15,862 [INFO] IA Core: 8 octantes activos
2026-07-09 10:50:15,862 [INFO] 🟢 [ia_core] activo
2026-07-09 10:50:15,862 [INFO] Cortex: estado=ok
2026-07-09 10:50:15,864 [INFO] 🟢 [cortex] activo
2026-07-09 10:50:15,864 [INFO] ProtocoloPaz: agente TQSC_Main listo
2026-07-09 10:50:15,864 [INFO]   Agentes conocidos: {'53dacae48d68e2b9dc1b6df13d7333b8': <core.protocolo_paz.IdentidadAgente object at 0x000001D2E2BD9050>}
2026-07-09 10:50:15,864 [INFO] 🟢 [protocolo_paz] activo
2026-07-09 10:50:15,864 [INFO] Memoria: 1 recuerdos, 1 válidos
2026-07-09 10:50:15,864 [INFO] 🟢 [memoria] activo
2026-07-09 10:50:15,864 [INFO] ✅ TQSC listo. 9/9 núcleos activos.
2026-07-09 10:50:16,865 [INFO] ⏹️ TQSC deteniéndose...
2026-07-09 10:54:35,085 [INFO] SyscallMonitor: MODO TEST — sin hardware real
2026-07-09 10:54:35,085 [INFO] 🧬 OctaRCQ-X8: 18 subnúcleos listos
2026-07-09 10:54:35,085 [INFO] Agente TQSC_Main creado: id=0186286a...
2026-07-09 10:54:35,085 [INFO] Agente registrado: TQSC_Main
2026-07-09 10:54:35,085 [INFO] 🧠 TQSC v1.0 inicializado — 9 núcleos/módulos listos
2026-07-09 10:54:35,085 [INFO] 🚀 TQSC arrancando...
2026-07-09 10:54:35,086 [INFO] 🟢 [blockchain] activo
2026-07-09 10:54:36,476 [INFO] Entropía: 1.0
2026-07-09 10:54:36,476 [INFO] 🟢 [entropia] activo
2026-07-09 10:54:36,476 [INFO] SyscallMonitor: monitoreo simulado (test mode)
2026-07-09 10:54:36,476 [INFO] DefenseCore: syscall monitor activo
2026-07-09 10:54:37,317 [INFO] 🟢 [defensa_fisica] activo
2026-07-09 10:54:37,317 [WARNING] QuantumValidator: campo faltante: firma
2026-07-09 10:54:37,317 [INFO] Quantum: Descartado: campo faltante: firma
2026-07-09 10:54:37,318 [INFO] 🟢 [cuantico] activo
2026-07-09 10:54:37,318 [INFO] Honeypot escuchando en puerto 2222
2026-07-09 10:54:37,318 [INFO] 🟢 [honeypot] activo
2026-07-09 10:54:37,319 [WARNING] QuantumValidator: tipo incorrecto: hash esperaba <class 'str'>, recibió int; campo faltante: firma
2026-07-09 10:54:37,319 [INFO] Bloqueado por Quantum: test: inicialización del sistema → Descartado: tipo incorrecto: hash esperaba <class 'str'>, recibió int; campo faltante: firma
2026-07-09 10:54:37,322 [INFO] IA Core: 8 octantes activos
2026-07-09 10:54:37,322 [INFO] 🟢 [ia_core] activo
2026-07-09 10:54:37,322 [INFO] Cortex: estado=ok
2026-07-09 10:54:37,322 [INFO] 🟢 [cortex] activo
2026-07-09 10:54:37,322 [INFO] ProtocoloPaz: agente TQSC_Main listo
2026-07-09 10:54:37,322 [INFO]   Agentes conocidos: {'0186286a14b4c37fa997078b6606f57c': <core.protocolo_paz.IdentidadAgente object at 0x00000208376A9D50>}
2026-07-09 10:54:37,322 [INFO] 🟢 [protocolo_paz] activo
2026-07-09 10:54:37,323 [INFO] Memoria: 1 recuerdos, 1 válidos
2026-07-09 10:54:37,323 [INFO] 🟢 [memoria] activo
2026-07-09 10:54:37,323 [INFO] ✅ TQSC listo. 9/9 núcleos activos.
2026-07-09 10:55:21,721 [INFO] SyscallMonitor: MODO TEST — sin hardware real
2026-07-09 10:55:21,721 [INFO] 🧬 OctaRCQ-X8: 18 subnúcleos listos
2026-07-09 10:55:21,722 [INFO] Agente TQSC_Main creado: id=5bc67b54...
2026-07-09 10:55:21,722 [INFO] Agente registrado: TQSC_Main
2026-07-09 10:55:21,722 [INFO] 🧠 TQSC v1.0 inicializado — 9 núcleos/módulos listos
2026-07-09 10:55:21,722 [INFO] 🚀 TQSC arrancando...
2026-07-09 10:55:21,723 [INFO] 🟢 [blockchain] activo
2026-07-09 10:55:23,120 [INFO] Entropía: 1.0
2026-07-09 10:55:23,120 [INFO] 🟢 [entropia] activo
2026-07-09 10:55:23,120 [INFO] SyscallMonitor: monitoreo simulado (test mode)
2026-07-09 10:55:23,120 [INFO] DefenseCore: syscall monitor activo
2026-07-09 10:55:23,933 [INFO] 🟢 [defensa_fisica] activo
2026-07-09 10:55:23,933 [WARNING] QuantumValidator: campo faltante: firma
2026-07-09 10:55:23,933 [INFO] Quantum: Descartado: campo faltante: firma
2026-07-09 10:55:23,933 [INFO] 🟢 [cuantico] activo
2026-07-09 10:55:23,934 [INFO] Honeypot escuchando en puerto 2222
2026-07-09 10:55:23,934 [INFO] 🟢 [honeypot] activo
2026-07-09 10:55:23,937 [INFO] IA Core: 8 octantes activos
2026-07-09 10:55:23,937 [INFO] 🟢 [ia_core] activo
2026-07-09 10:55:23,938 [INFO] Cortex: estado=ok
2026-07-09 10:55:23,938 [INFO] 🟢 [cortex] activo
2026-07-09 10:55:23,938 [INFO] ProtocoloPaz: agente TQSC_Main listo
2026-07-09 10:55:23,938 [INFO]   Agentes conocidos: {'5bc67b54341c5db15cbdcc21b9fda237': <core.protocolo_paz.IdentidadAgente object at 0x000001DAAAAE9BD0>}
2026-07-09 10:55:23,938 [INFO] 🟢 [protocolo_paz] activo
2026-07-09 10:55:23,938 [INFO] Memoria: 1 recuerdos, 1 válidos
2026-07-09 10:55:23,938 [INFO] 🟢 [memoria] activo
2026-07-09 10:55:23,938 [INFO] ✅ TQSC listo. 9/9 núcleos activos.
2026-07-09 10:56:49,946 [INFO] SyscallMonitor: MODO TEST — sin hardware real
2026-07-09 10:56:49,946 [INFO] 🧬 OctaRCQ-X8: 18 subnúcleos listos
2026-07-09 10:56:49,948 [INFO] Agente TQSC_Main creado: id=b46bc28d...
2026-07-09 10:56:49,948 [INFO] Agente registrado: TQSC_Main
2026-07-09 10:56:49,948 [INFO] 🧠 TQSC v1.0 inicializado — 9 núcleos/módulos listos
2026-07-09 10:56:49,948 [INFO] 🚀 TQSC arrancando...
2026-07-09 10:56:49,949 [INFO] 🟢 [blockchain] activo
2026-07-09 10:56:51,300 [INFO] Entropía: 1.0
2026-07-09 10:56:51,301 [INFO] 🟢 [entropia] activo
2026-07-09 10:56:51,301 [INFO] SyscallMonitor: monitoreo simulado (test mode)
2026-07-09 10:56:51,301 [INFO] DefenseCore: syscall monitor activo
2026-07-09 10:56:52,077 [INFO] 🟢 [defensa_fisica] activo
2026-07-09 10:56:52,077 [WARNING] QuantumValidator: campo faltante: firma
2026-07-09 10:56:52,077 [INFO] Quantum: Descartado: campo faltante: firma
2026-07-09 10:56:52,077 [INFO] 🟢 [cuantico] activo
2026-07-09 10:56:52,079 [INFO] Honeypot escuchando en puerto 2222
2026-07-09 10:56:52,079 [INFO] 🟢 [honeypot] activo
2026-07-09 10:56:52,083 [INFO] IA Core: 8 octantes activos
2026-07-09 10:56:52,083 [INFO] 🟢 [ia_core] activo
2026-07-09 10:56:52,083 [INFO] Cortex: estado=ok
2026-07-09 10:56:52,083 [INFO] 🟢 [cortex] activo
2026-07-09 10:56:52,083 [INFO] ProtocoloPaz: agente TQSC_Main listo
2026-07-09 10:56:52,083 [INFO]   Agentes conocidos: {'b46bc28d1357da86baf8566ff3c552ee': <core.protocolo_paz.IdentidadAgente object at 0x0000017352CC9BD0>}
2026-07-09 10:56:52,083 [INFO] 🟢 [protocolo_paz] activo
2026-07-09 10:56:52,083 [INFO] Memoria: 1 recuerdos, 1 válidos
2026-07-09 10:56:52,083 [INFO] 🟢 [memoria] activo
2026-07-09 10:56:52,083 [INFO] ✅ TQSC listo. 9/9 núcleos activos.
2026-07-09 10:56:53,084 [INFO] ⏹️ TQSC deteniéndose...
2026-07-09 10:58:40,167 [INFO] SyscallMonitor: MODO TEST — sin hardware real
2026-07-09 10:58:40,167 [INFO] 🧬 OctaRCQ-X8: 18 subnúcleos listos
2026-07-09 10:58:40,168 [INFO] Agente TQSC_Main creado: id=e262ebb7...
2026-07-09 10:58:40,168 [INFO] Agente registrado: TQSC_Main
2026-07-09 10:58:40,168 [INFO] 🧠 TQSC v1.0 inicializado — 9 núcleos/módulos listos
2026-07-09 10:58:40,168 [INFO] 🚀 TQSC arrancando...
2026-07-09 10:58:40,168 [INFO] 🟢 [blockchain] activo
2026-07-09 10:58:41,499 [INFO] Entropía: 1.0
2026-07-09 10:58:41,499 [INFO] 🟢 [entropia] activo
2026-07-09 10:58:41,499 [INFO] SyscallMonitor: monitoreo simulado (test mode)
2026-07-09 10:58:41,499 [INFO] DefenseCore: syscall monitor activo
2026-07-09 10:58:42,269 [INFO] 🟢 [defensa_fisica] activo
2026-07-09 10:58:42,269 [WARNING] QuantumValidator: campo faltante: firma
2026-07-09 10:58:42,270 [INFO] Quantum: Descartado: campo faltante: firma
2026-07-09 10:58:42,270 [INFO] 🟢 [cuantico] activo
2026-07-09 10:58:42,271 [INFO] Honeypot escuchando en puerto 2222
2026-07-09 10:58:42,271 [INFO] 🟢 [honeypot] activo
2026-07-09 10:58:42,276 [INFO] IA Core: 8 octantes activos
2026-07-09 10:58:42,276 [INFO] 🟢 [ia_core] activo
2026-07-09 10:58:42,276 [INFO] Cortex: estado=ok
2026-07-09 10:58:42,276 [INFO] 🟢 [cortex] activo
2026-07-09 10:58:42,276 [INFO] ProtocoloPaz: agente TQSC_Main listo
2026-07-09 10:58:42,276 [INFO]   Agentes conocidos: {'e262ebb7d531a9d98798bc7a9168f379': <core.protocolo_paz.IdentidadAgente object at 0x0000020F71E7A250>}
2026-07-09 10:58:42,276 [INFO] 🟢 [protocolo_paz] activo
2026-07-09 10:58:42,276 [INFO] Memoria: 1 recuerdos, 1 válidos
2026-07-09 10:58:42,276 [INFO] 🟢 [memoria] activo
2026-07-09 10:58:42,276 [INFO] ✅ TQSC listo. 9/9 núcleos activos.
2026-07-09 10:59:26,591 [INFO] SyscallMonitor: MODO TEST — sin hardware real
2026-07-09 10:59:26,592 [INFO] 🧬 OctaRCQ-X8: 18 subnúcleos listos
2026-07-09 10:59:26,592 [INFO] Agente TQSC_Main creado: id=ecfe06e1...
2026-07-09 10:59:26,592 [INFO] Agente registrado: TQSC_Main
2026-07-09 10:59:26,592 [INFO] 🧠 TQSC v1.0 inicializado — 9 núcleos/módulos listos
2026-07-09 10:59:26,592 [INFO] 🚀 TQSC arrancando...
2026-07-09 10:59:26,593 [INFO] 🟢 [blockchain] activo
2026-07-09 10:59:27,919 [INFO] Entropía: 1.0
2026-07-09 10:59:27,919 [INFO] 🟢 [entropia] activo
2026-07-09 10:59:27,919 [INFO] SyscallMonitor: monitoreo simulado (test mode)
2026-07-09 10:59:27,919 [INFO] DefenseCore: syscall monitor activo
2026-07-09 10:59:28,678 [INFO] 🟢 [defensa_fisica] activo
2026-07-09 10:59:28,679 [WARNING] QuantumValidator: campo faltante: firma
2026-07-09 10:59:28,679 [INFO] Quantum: Descartado: campo faltante: firma
2026-07-09 10:59:28,679 [INFO] 🟢 [cuantico] activo
2026-07-09 10:59:28,680 [INFO] Honeypot escuchando en puerto 2222
2026-07-09 10:59:28,680 [INFO] 🟢 [honeypot] activo
2026-07-09 10:59:28,684 [INFO] IA Core: 8 octantes activos
2026-07-09 10:59:28,684 [INFO] 🟢 [ia_core] activo
2026-07-09 10:59:28,684 [INFO] Cortex: estado=ok
2026-07-09 10:59:28,684 [INFO] 🟢 [cortex] activo
2026-07-09 10:59:28,684 [INFO] ProtocoloPaz: agente TQSC_Main listo
2026-07-09 10:59:28,684 [INFO]   Agentes conocidos: {'ecfe06e19398d4906198ff66821b4036': <core.protocolo_paz.IdentidadAgente object at 0x000001FD5757A2D0>}
2026-07-09 10:59:28,684 [INFO] 🟢 [protocolo_paz] activo
2026-07-09 10:59:28,685 [INFO] Memoria: 1 recuerdos, 1 válidos
2026-07-09 10:59:28,685 [INFO] 🟢 [memoria] activo
2026-07-09 10:59:28,685 [INFO] ✅ TQSC listo. 9/9 núcleos activos.
2026-07-09 10:59:29,686 [INFO] ⏹️ TQSC deteniéndose...
2026-07-09 11:03:37,013 [INFO] SyscallMonitor: MODO TEST — sin hardware real
2026-07-09 11:03:37,013 [INFO] 🧬 OctaRCQ-X8: 18 subnúcleos listos
2026-07-09 11:03:37,013 [INFO] Agente TQSC_Main creado: id=45fc2f98...
2026-07-09 11:03:37,013 [INFO] Agente registrado: TQSC_Main
2026-07-09 11:03:37,013 [INFO] 🧠 TQSC v1.0 inicializado — 9 núcleos/módulos listos
2026-07-09 11:03:37,014 [INFO] 🚀 TQSC arrancando...
2026-07-09 11:03:37,014 [INFO] 🟢 [blockchain] activo
2026-07-09 11:03:38,350 [INFO] Entropía: 1.0
2026-07-09 11:03:38,350 [INFO] 🟢 [entropia] activo
2026-07-09 11:03:38,351 [INFO] SyscallMonitor: monitoreo simulado (test mode)
2026-07-09 11:03:38,351 [INFO] DefenseCore: syscall monitor activo
2026-07-09 11:03:39,128 [INFO] 🟢 [defensa_fisica] activo
2026-07-09 11:03:39,129 [WARNING] QuantumValidator: campo faltante: firma
2026-07-09 11:03:39,129 [INFO] Quantum: Descartado: campo faltante: firma
2026-07-09 11:03:39,129 [INFO] 🟢 [cuantico] activo
2026-07-09 11:03:39,130 [INFO] Honeypot escuchando en puerto 2222
2026-07-09 11:03:39,130 [INFO] 🟢 [honeypot] activo
2026-07-09 11:03:39,134 [INFO] IA Core: 8 octantes activos
2026-07-09 11:03:39,134 [INFO] 🟢 [ia_core] activo
2026-07-09 11:03:39,134 [INFO] Cortex: estado=ok
2026-07-09 11:03:39,134 [INFO] 🟢 [cortex] activo
2026-07-09 11:03:39,134 [INFO] ProtocoloPaz: agente TQSC_Main listo
2026-07-09 11:03:39,134 [INFO]   Agentes conocidos: {'45fc2f987c05341c1459491ad09b6fa7': <core.protocolo_paz.IdentidadAgente object at 0x000001F8B143ABD0>}
2026-07-09 11:03:39,134 [INFO] 🟢 [protocolo_paz] activo
2026-07-09 11:03:39,134 [INFO] Memoria: 1 recuerdos, 1 válidos
2026-07-09 11:03:39,134 [INFO] 🟢 [memoria] activo
2026-07-09 11:03:39,134 [INFO] ✅ TQSC listo. 9/9 núcleos activos.
2026-07-09 11:06:07,617 [INFO] SyscallMonitor: MODO TEST — sin hardware real
2026-07-09 11:07:01,806 [INFO] SyscallMonitor: MODO TEST — sin hardware real
2026-07-09 11:07:25,167 [INFO] SyscallMonitor: MODO TEST — sin hardware real
2026-07-09 11:08:21,441 [INFO] SyscallMonitor: MODO TEST — sin hardware real
2026-07-09 11:08:21,442 [INFO] 🧬 OctaRCQ-X8: 18 subnúcleos listos
2026-07-09 11:08:21,442 [INFO] Agente TQSC_Main creado: id=92ef785f...
2026-07-09 11:08:21,442 [INFO] Agente registrado: TQSC_Main
2026-07-09 11:08:21,442 [INFO] 🧠 TQSC v1.0 inicializado — 9 núcleos/módulos listos
2026-07-09 11:08:21,443 [INFO] 🚀 TQSC arrancando...
2026-07-09 11:08:21,443 [INFO] 🟢 [blockchain] activo
2026-07-09 11:08:22,810 [INFO] Entropía: 1.0
2026-07-09 11:08:22,810 [INFO] 🟢 [entropia] activo
2026-07-09 11:08:22,810 [INFO] SyscallMonitor: monitoreo simulado (test mode)
2026-07-09 11:08:22,810 [INFO] DefenseCore: syscall monitor activo
2026-07-09 11:08:23,613 [INFO] 🟢 [defensa_fisica] activo
2026-07-09 11:08:23,613 [WARNING] QuantumValidator: campo faltante: firma
2026-07-09 11:08:23,613 [INFO] Quantum: Descartado: campo faltante: firma
2026-07-09 11:08:23,613 [INFO] 🟢 [cuantico] activo
2026-07-09 11:08:23,614 [INFO] Honeypot escuchando en puerto 2222
2026-07-09 11:08:23,614 [INFO] 🟢 [honeypot] activo
2026-07-09 11:08:23,615 [ERROR] 🔴 [ia_core] falló: 'CognitiveLoopDetector' object has no attribute 'evaluar'
Traceback (most recent call last):
  File "C:\Users\raem9\Desktop\Proyecto TQSC\v1.0\tqsc\main.py", line 88, in iniciar
    fn()
  File "C:\Users\raem9\Desktop\Proyecto TQSC\v1.0\tqsc\main.py", line 124, in _iniciar_ia_core
    self.ia_core.rotar()
  File "C:\Users\raem9\Desktop\Proyecto TQSC\v1.0\tqsc\core\octarcq.py", line 124, in rotar
    self.loop_detector.evaluar(nucleo)
    ^^^^^^^^^^^^^^^^^^^^^^^^^^
AttributeError: 'CognitiveLoopDetector' object has no attribute 'evaluar'
2026-07-09 11:08:23,618 [INFO] Cortex: estado=ok
2026-07-09 11:08:23,618 [INFO] 🟢 [cortex] activo
2026-07-09 11:08:23,618 [INFO] ProtocoloPaz: agente TQSC_Main listo
2026-07-09 11:08:23,618 [INFO]   Agentes conocidos: {'92ef785fb249bd71505fc0911d35ad86': <core.protocolo_paz.IdentidadAgente object at 0x000001F05AE6AD90>}
2026-07-09 11:08:23,618 [INFO] 🟢 [protocolo_paz] activo
2026-07-09 11:08:23,619 [INFO] Memoria: 1 recuerdos, 1 válidos
2026-07-09 11:08:23,619 [INFO] 🟢 [memoria] activo
2026-07-09 11:08:23,619 [INFO] ✅ TQSC listo. 8/9 núcleos activos.
2026-07-09 11:09:05,765 [INFO] SyscallMonitor: MODO TEST — sin hardware real
2026-07-09 11:09:05,765 [INFO] 🧬 OctaRCQ-X8: 18 subnúcleos listos
2026-07-09 11:09:05,765 [INFO] Agente TQSC_Main creado: id=41e2fc9e...
2026-07-09 11:09:05,765 [INFO] Agente registrado: TQSC_Main
2026-07-09 11:09:05,766 [INFO] 🧠 TQSC v1.0 inicializado — 9 núcleos/módulos listos
2026-07-09 11:09:05,766 [INFO] 🚀 TQSC arrancando...
2026-07-09 11:09:05,766 [INFO] 🟢 [blockchain] activo
2026-07-09 11:09:07,141 [INFO] Entropía: 1.0
2026-07-09 11:09:07,141 [INFO] 🟢 [entropia] activo
2026-07-09 11:09:07,143 [INFO] SyscallMonitor: monitoreo simulado (test mode)
2026-07-09 11:09:07,143 [INFO] DefenseCore: syscall monitor activo
2026-07-09 11:09:07,935 [INFO] 🟢 [defensa_fisica] activo
2026-07-09 11:09:07,935 [WARNING] QuantumValidator: campo faltante: firma
2026-07-09 11:09:07,935 [INFO] Quantum: Descartado: campo faltante: firma
2026-07-09 11:09:07,935 [INFO] 🟢 [cuantico] activo
2026-07-09 11:09:07,936 [INFO] Honeypot escuchando en puerto 2222
2026-07-09 11:09:07,936 [INFO] 🟢 [honeypot] activo
2026-07-09 11:09:07,937 [ERROR] 🔴 [ia_core] falló: CognitiveLoopDetector.evaluar() takes 1 positional argument but 2 were given
Traceback (most recent call last):
  File "C:\Users\raem9\Desktop\Proyecto TQSC\v1.0\tqsc\main.py", line 88, in iniciar
    fn()
  File "C:\Users\raem9\Desktop\Proyecto TQSC\v1.0\tqsc\main.py", line 124, in _iniciar_ia_core
    self.ia_core.rotar()
  File "C:\Users\raem9\Desktop\Proyecto TQSC\v1.0\tqsc\core\octarcq.py", line 124, in rotar
    self.loop_detector.evaluar(nucleo)
TypeError: CognitiveLoopDetector.evaluar() takes 1 positional argument but 2 were given
2026-07-09 11:09:07,940 [INFO] Cortex: estado=ok
2026-07-09 11:09:07,940 [INFO] 🟢 [cortex] activo
2026-07-09 11:09:07,940 [INFO] ProtocoloPaz: agente TQSC_Main listo
2026-07-09 11:09:07,940 [INFO]   Agentes conocidos: {'41e2fc9eb81687b723327f7d1d9f7c77': <core.protocolo_paz.IdentidadAgente object at 0x00000192165BAD90>}
2026-07-09 11:09:07,940 [INFO] 🟢 [protocolo_paz] activo
2026-07-09 11:09:07,941 [INFO] Memoria: 1 recuerdos, 1 válidos
2026-07-09 11:09:07,941 [INFO] 🟢 [memoria] activo
2026-07-09 11:09:07,941 [INFO] ✅ TQSC listo. 8/9 núcleos activos.
2026-07-09 11:09:40,310 [INFO] SyscallMonitor: MODO TEST — sin hardware real
2026-07-09 11:09:40,310 [INFO] 🧬 OctaRCQ-X8: 18 subnúcleos listos
2026-07-09 11:09:40,310 [INFO] Agente TQSC_Main creado: id=f1e668eb...
2026-07-09 11:09:40,310 [INFO] Agente registrado: TQSC_Main
2026-07-09 11:09:40,311 [INFO] 🧠 TQSC v1.0 inicializado — 9 núcleos/módulos listos
2026-07-09 11:09:40,311 [INFO] 🚀 TQSC arrancando...
2026-07-09 11:09:40,311 [INFO] 🟢 [blockchain] activo
2026-07-09 11:09:41,648 [INFO] Entropía: 1.0
2026-07-09 11:09:41,648 [INFO] 🟢 [entropia] activo
2026-07-09 11:09:41,648 [INFO] SyscallMonitor: monitoreo simulado (test mode)
2026-07-09 11:09:41,648 [INFO] DefenseCore: syscall monitor activo
2026-07-09 11:09:42,437 [INFO] 🟢 [defensa_fisica] activo
2026-07-09 11:09:42,437 [WARNING] QuantumValidator: campo faltante: firma
2026-07-09 11:09:42,437 [INFO] Quantum: Descartado: campo faltante: firma
2026-07-09 11:09:42,437 [INFO] 🟢 [cuantico] activo
2026-07-09 11:09:42,437 [INFO] Honeypot escuchando en puerto 2222
2026-07-09 11:09:42,438 [INFO] 🟢 [honeypot] activo
2026-07-09 11:09:42,438 [ERROR] 🔴 [ia_core] falló: 'MetaCoreAdjuster' object has no attribute 'ajustar'
Traceback (most recent call last):
  File "C:\Users\raem9\Desktop\Proyecto TQSC\v1.0\tqsc\main.py", line 88, in iniciar
    fn()
  File "C:\Users\raem9\Desktop\Proyecto TQSC\v1.0\tqsc\main.py", line 124, in _iniciar_ia_core
    self.ia_core.rotar()
  File "C:\Users\raem9\Desktop\Proyecto TQSC\v1.0\tqsc\core\octarcq.py", line 127, in rotar
    self.ajustador.ajustar(nucleo)
    ^^^^^^^^^^^^^^^^^^^^^^
AttributeError: 'MetaCoreAdjuster' object has no attribute 'ajustar'
2026-07-09 11:09:42,442 [INFO] Cortex: estado=ok
2026-07-09 11:09:42,442 [INFO] 🟢 [cortex] activo
2026-07-09 11:09:42,442 [INFO] ProtocoloPaz: agente TQSC_Main listo
2026-07-09 11:09:42,442 [INFO]   Agentes conocidos: {'f1e668ebe886227f70b7010d725e303d': <core.protocolo_paz.IdentidadAgente object at 0x000001B43132ECD0>}
2026-07-09 11:09:42,442 [INFO] 🟢 [protocolo_paz] activo
2026-07-09 11:09:42,442 [INFO] Memoria: 1 recuerdos, 1 válidos
2026-07-09 11:09:42,443 [INFO] 🟢 [memoria] activo
2026-07-09 11:09:42,443 [INFO] ✅ TQSC listo. 8/9 núcleos activos.
2026-07-09 11:10:06,904 [INFO] SyscallMonitor: MODO TEST — sin hardware real
2026-07-09 11:10:06,904 [INFO] 🧬 OctaRCQ-X8: 18 subnúcleos listos
2026-07-09 11:10:06,904 [INFO] Agente TQSC_Main creado: id=1d4e0a9a...
2026-07-09 11:10:06,904 [INFO] Agente registrado: TQSC_Main
2026-07-09 11:10:06,904 [INFO] 🧠 TQSC v1.0 inicializado — 9 núcleos/módulos listos
2026-07-09 11:10:06,905 [INFO] 🚀 TQSC arrancando...
2026-07-09 11:10:06,905 [INFO] 🟢 [blockchain] activo
2026-07-09 11:10:08,265 [INFO] Entropía: 1.0
2026-07-09 11:10:08,265 [INFO] 🟢 [entropia] activo
2026-07-09 11:10:08,265 [INFO] SyscallMonitor: monitoreo simulado (test mode)
2026-07-09 11:10:08,265 [INFO] DefenseCore: syscall monitor activo
2026-07-09 11:10:09,054 [INFO] 🟢 [defensa_fisica] activo
2026-07-09 11:10:09,054 [WARNING] QuantumValidator: campo faltante: firma
2026-07-09 11:10:09,054 [INFO] Quantum: Descartado: campo faltante: firma
2026-07-09 11:10:09,054 [INFO] 🟢 [cuantico] activo
2026-07-09 11:10:09,055 [INFO] Honeypot escuchando en puerto 2222
2026-07-09 11:10:09,055 [INFO] 🟢 [honeypot] activo
2026-07-09 11:10:09,056 [ERROR] 🔴 [ia_core] falló: MetaCoreAdjuster.evaluar() takes 1 positional argument but 2 were given
Traceback (most recent call last):
  File "C:\Users\raem9\Desktop\Proyecto TQSC\v1.0\tqsc\main.py", line 88, in iniciar
    fn()
  File "C:\Users\raem9\Desktop\Proyecto TQSC\v1.0\tqsc\main.py", line 124, in _iniciar_ia_core
    self.ia_core.rotar()
  File "C:\Users\raem9\Desktop\Proyecto TQSC\v1.0\tqsc\core\octarcq.py", line 127, in rotar
    self.ajustador.ajustar(nucleo)
TypeError: MetaCoreAdjuster.evaluar() takes 1 positional argument but 2 were given
2026-07-09 11:10:09,059 [INFO] Cortex: estado=ok
2026-07-09 11:10:09,059 [INFO] 🟢 [cortex] activo
2026-07-09 11:10:09,059 [INFO] ProtocoloPaz: agente TQSC_Main listo
2026-07-09 11:10:09,059 [INFO]   Agentes conocidos: {'1d4e0a9a7c0b1949d25e4c87a7aad6ad': <core.protocolo_paz.IdentidadAgente object at 0x00000236F604ECD0>}
2026-07-09 11:10:09,059 [INFO] 🟢 [protocolo_paz] activo
2026-07-09 11:10:09,059 [INFO] Memoria: 1 recuerdos, 1 válidos
2026-07-09 11:10:09,059 [INFO] 🟢 [memoria] activo
2026-07-09 11:10:09,059 [INFO] ✅ TQSC listo. 8/9 núcleos activos.
2026-07-09 11:11:16,682 [INFO] SyscallMonitor: MODO TEST — sin hardware real
2026-07-09 11:11:16,682 [INFO] 🧬 OctaRCQ-X8: 18 subnúcleos listos
2026-07-09 11:11:16,682 [INFO] Agente TQSC_Main creado: id=5852e153...
2026-07-09 11:11:16,682 [INFO] Agente registrado: TQSC_Main
2026-07-09 11:11:16,682 [INFO] 🧠 TQSC v1.0 inicializado — 9 núcleos/módulos listos
2026-07-09 11:11:16,682 [INFO] 🚀 TQSC arrancando...
2026-07-09 11:11:16,683 [INFO] 🟢 [blockchain] activo
2026-07-09 11:11:18,041 [INFO] Entropía: 1.0
2026-07-09 11:11:18,041 [INFO] 🟢 [entropia] activo
2026-07-09 11:11:18,041 [INFO] SyscallMonitor: monitoreo simulado (test mode)
2026-07-09 11:11:18,041 [INFO] DefenseCore: syscall monitor activo
2026-07-09 11:11:18,851 [INFO] 🟢 [defensa_fisica] activo
2026-07-09 11:11:18,853 [WARNING] QuantumValidator: campo faltante: firma
2026-07-09 11:11:18,853 [INFO] Quantum: Descartado: campo faltante: firma
2026-07-09 11:11:18,853 [INFO] 🟢 [cuantico] activo
2026-07-09 11:11:18,853 [INFO] Honeypot escuchando en puerto 2222
2026-07-09 11:11:18,853 [INFO] 🟢 [honeypot] activo
2026-07-09 11:11:18,857 [ERROR] 🔴 [ia_core] falló: 'ShadowCloneManager' object has no attribute 'clonar'
Traceback (most recent call last):
  File "C:\Users\raem9\Desktop\Proyecto TQSC\v1.0\tqsc\main.py", line 88, in iniciar
    fn()
  File "C:\Users\raem9\Desktop\Proyecto TQSC\v1.0\tqsc\main.py", line 124, in _iniciar_ia_core
    self.ia_core.rotar()
  File "C:\Users\raem9\Desktop\Proyecto TQSC\v1.0\tqsc\core\octarcq.py", line 141, in rotar
    self.clonador.clonar(nucleo)
    ^^^^^^^^^^^^^^^^^^^^
AttributeError: 'ShadowCloneManager' object has no attribute 'clonar'
2026-07-09 11:11:18,861 [INFO] Cortex: estado=ok
2026-07-09 11:11:18,861 [INFO] 🟢 [cortex] activo
2026-07-09 11:11:18,861 [INFO] ProtocoloPaz: agente TQSC_Main listo
2026-07-09 11:11:18,861 [INFO]   Agentes conocidos: {'5852e1530ea182985a9874054a4b9b24': <core.protocolo_paz.IdentidadAgente object at 0x000002C0541DEE10>}
2026-07-09 11:11:18,861 [INFO] 🟢 [protocolo_paz] activo
2026-07-09 11:11:18,861 [INFO] Memoria: 1 recuerdos, 1 válidos
2026-07-09 11:11:18,861 [INFO] 🟢 [memoria] activo
2026-07-09 11:11:18,861 [INFO] ✅ TQSC listo. 8/9 núcleos activos.
2026-07-09 11:11:52,178 [INFO] SyscallMonitor: MODO TEST — sin hardware real
2026-07-09 11:11:52,179 [INFO] 🧬 OctaRCQ-X8: 18 subnúcleos listos
2026-07-09 11:11:52,179 [INFO] Agente TQSC_Main creado: id=c23f314b...
2026-07-09 11:11:52,179 [INFO] Agente registrado: TQSC_Main
2026-07-09 11:11:52,179 [INFO] 🧠 TQSC v1.0 inicializado — 9 núcleos/módulos listos
2026-07-09 11:11:52,179 [INFO] 🚀 TQSC arrancando...
2026-07-09 11:11:52,180 [INFO] 🟢 [blockchain] activo
2026-07-09 11:11:53,562 [INFO] Entropía: 1.0
2026-07-09 11:11:53,562 [INFO] 🟢 [entropia] activo
2026-07-09 11:11:53,562 [INFO] SyscallMonitor: monitoreo simulado (test mode)
2026-07-09 11:11:53,562 [INFO] DefenseCore: syscall monitor activo
2026-07-09 11:11:54,797 [INFO] 🟢 [defensa_fisica] activo
2026-07-09 11:11:54,797 [WARNING] QuantumValidator: campo faltante: firma
2026-07-09 11:11:54,797 [INFO] Quantum: Descartado: campo faltante: firma
2026-07-09 11:11:54,797 [INFO] 🟢 [cuantico] activo
2026-07-09 11:11:54,798 [INFO] Honeypot escuchando en puerto 2222
2026-07-09 11:11:54,798 [INFO] 🟢 [honeypot] activo
2026-07-09 11:11:54,802 [ERROR] 🔴 [ia_core] falló: 'MutationLogger' object has no attribute 'logear'
Traceback (most recent call last):
  File "C:\Users\raem9\Desktop\Proyecto TQSC\v1.0\tqsc\main.py", line 88, in iniciar
    fn()
  File "C:\Users\raem9\Desktop\Proyecto TQSC\v1.0\tqsc\main.py", line 125, in _iniciar_ia_core
    estado = self.ia_core.estado()
             ^^^^^^^^^^^^^^^^^^^^^
  File "C:\Users\raem9\Desktop\Proyecto TQSC\v1.0\tqsc\core\octarcq.py", line 148, in estado
    "octantes": self.logger_mut.logear(),
                ^^^^^^^^^^^^^^^^^^^^^^
AttributeError: 'MutationLogger' object has no attribute 'logear'
2026-07-09 11:11:54,805 [INFO] Cortex: estado=ok
2026-07-09 11:11:54,805 [INFO] 🟢 [cortex] activo
2026-07-09 11:11:54,805 [INFO] ProtocoloPaz: agente TQSC_Main listo
2026-07-09 11:11:54,805 [INFO]   Agentes conocidos: {'c23f314b0b750bca0b89e0019700ce6a': <core.protocolo_paz.IdentidadAgente object at 0x000002328270EE10>}
2026-07-09 11:11:54,805 [INFO] 🟢 [protocolo_paz] activo
2026-07-09 11:11:54,806 [INFO] Memoria: 1 recuerdos, 1 válidos
2026-07-09 11:11:54,806 [INFO] 🟢 [memoria] activo
2026-07-09 11:11:54,806 [INFO] ✅ TQSC listo. 8/9 núcleos activos.
2026-07-09 11:12:17,425 [INFO] SyscallMonitor: MODO TEST — sin hardware real
2026-07-09 11:12:17,425 [INFO] 🧬 OctaRCQ-X8: 18 subnúcleos listos
2026-07-09 11:12:17,425 [INFO] Agente TQSC_Main creado: id=cf9299a6...
2026-07-09 11:12:17,425 [INFO] Agente registrado: TQSC_Main
2026-07-09 11:12:17,426 [INFO] 🧠 TQSC v1.0 inicializado — 9 núcleos/módulos listos
2026-07-09 11:12:17,426 [INFO] 🚀 TQSC arrancando...
2026-07-09 11:12:17,426 [INFO] 🟢 [blockchain] activo
2026-07-09 11:12:18,809 [INFO] Entropía: 1.0
2026-07-09 11:12:18,809 [INFO] 🟢 [entropia] activo
2026-07-09 11:12:18,809 [INFO] SyscallMonitor: monitoreo simulado (test mode)
2026-07-09 11:12:18,809 [INFO] DefenseCore: syscall monitor activo
2026-07-09 11:12:19,632 [INFO] 🟢 [defensa_fisica] activo
2026-07-09 11:12:19,632 [WARNING] QuantumValidator: campo faltante: firma
2026-07-09 11:12:19,632 [INFO] Quantum: Descartado: campo faltante: firma
2026-07-09 11:12:19,632 [INFO] 🟢 [cuantico] activo
2026-07-09 11:12:19,633 [INFO] Honeypot escuchando en puerto 2222
2026-07-09 11:12:19,633 [INFO] 🟢 [honeypot] activo
2026-07-09 11:12:19,637 [INFO] IA Core: 0 octantes activos
2026-07-09 11:12:19,637 [INFO] 🟢 [ia_core] activo
2026-07-09 11:12:19,637 [INFO] Cortex: estado=ok
2026-07-09 11:12:19,637 [INFO] 🟢 [cortex] activo
2026-07-09 11:12:19,637 [INFO] ProtocoloPaz: agente TQSC_Main listo
2026-07-09 11:12:19,637 [INFO]   Agentes conocidos: {'cf9299a6744e2261d374ccdcfee3461a': <core.protocolo_paz.IdentidadAgente object at 0x000002386D08EF10>}
2026-07-09 11:12:19,637 [INFO] 🟢 [protocolo_paz] activo
2026-07-09 11:12:19,637 [INFO] Memoria: 1 recuerdos, 1 válidos
2026-07-09 11:12:19,637 [INFO] 🟢 [memoria] activo
2026-07-09 11:12:19,637 [INFO] ✅ TQSC listo. 9/9 núcleos activos.
2026-07-09 11:12:59,419 [INFO] SyscallMonitor: MODO TEST — sin hardware real
2026-07-09 11:12:59,419 [INFO] 🧬 OctaRCQ-X8: 18 subnúcleos listos
2026-07-09 11:12:59,419 [INFO] Agente TQSC_Main creado: id=bf9bcfc6...
2026-07-09 11:12:59,419 [INFO] Agente registrado: TQSC_Main
2026-07-09 11:12:59,419 [INFO] 🧠 TQSC v1.0 inicializado — 9 núcleos/módulos listos
2026-07-09 11:12:59,420 [INFO] 🚀 TQSC arrancando...
2026-07-09 11:12:59,420 [INFO] 🟢 [blockchain] activo
2026-07-09 11:13:00,812 [INFO] Entropía: 1.0
2026-07-09 11:13:00,812 [INFO] 🟢 [entropia] activo
2026-07-09 11:13:00,812 [INFO] SyscallMonitor: monitoreo simulado (test mode)
2026-07-09 11:13:00,812 [INFO] DefenseCore: syscall monitor activo
2026-07-09 11:13:01,638 [INFO] 🟢 [defensa_fisica] activo
2026-07-09 11:13:01,638 [WARNING] QuantumValidator: campo faltante: firma
2026-07-09 11:13:01,638 [INFO] Quantum: Descartado: campo faltante: firma
2026-07-09 11:13:01,638 [INFO] 🟢 [cuantico] activo
2026-07-09 11:13:01,639 [INFO] Honeypot escuchando en puerto 2222
2026-07-09 11:13:01,639 [INFO] 🟢 [honeypot] activo
2026-07-09 11:13:01,643 [INFO] IA Core: 8 octantes activos
2026-07-09 11:13:01,643 [INFO] 🟢 [ia_core] activo
2026-07-09 11:13:01,643 [INFO] Cortex: estado=ok
2026-07-09 11:13:01,643 [INFO] 🟢 [cortex] activo
2026-07-09 11:13:01,643 [INFO] ProtocoloPaz: agente TQSC_Main listo
2026-07-09 11:13:01,643 [INFO]   Agentes conocidos: {'bf9bcfc6bab9eb2dc67dbfb49b041a42': <core.protocolo_paz.IdentidadAgente object at 0x000002049247F110>}
2026-07-09 11:13:01,643 [INFO] 🟢 [protocolo_paz] activo
2026-07-09 11:13:01,644 [INFO] Memoria: 1 recuerdos, 1 válidos
2026-07-09 11:13:01,644 [INFO] 🟢 [memoria] activo
2026-07-09 11:13:01,644 [INFO] ✅ TQSC listo. 9/9 núcleos activos.
2026-07-09 11:14:09,500 [INFO] SyscallMonitor: MODO TEST — sin hardware real
2026-07-09 11:14:09,500 [INFO] 🧬 OctaRCQ-X8: 18 subnúcleos listos
2026-07-09 11:14:09,501 [INFO] Agente TQSC_Main creado: id=2024f157...
2026-07-09 11:14:09,501 [INFO] Agente registrado: TQSC_Main
2026-07-09 11:14:09,501 [INFO] 🧠 TQSC v1.0 inicializado — 9 núcleos/módulos listos
2026-07-09 11:14:09,501 [INFO] 🚀 TQSC arrancando...
2026-07-09 11:14:09,502 [INFO] 🟢 [blockchain] activo
2026-07-09 11:14:10,892 [INFO] Entropía: 1.0
2026-07-09 11:14:10,892 [INFO] 🟢 [entropia] activo
2026-07-09 11:14:10,893 [INFO] SyscallMonitor: monitoreo simulado (test mode)
2026-07-09 11:14:10,893 [INFO] DefenseCore: syscall monitor activo
2026-07-09 11:14:11,717 [INFO] 🟢 [defensa_fisica] activo
2026-07-09 11:14:11,717 [WARNING] QuantumValidator: campo faltante: firma
2026-07-09 11:14:11,717 [INFO] Quantum: Descartado: campo faltante: firma
2026-07-09 11:14:11,717 [INFO] 🟢 [cuantico] activo
2026-07-09 11:14:11,718 [INFO] Honeypot escuchando en puerto 2222
2026-07-09 11:14:11,718 [INFO] 🟢 [honeypot] activo
2026-07-09 11:14:11,721 [INFO] IA Core: 8 octantes activos
2026-07-09 11:14:11,721 [INFO] 🟢 [ia_core] activo
2026-07-09 11:14:11,721 [INFO] Cortex: estado=ok
2026-07-09 11:14:11,722 [INFO] 🟢 [cortex] activo
2026-07-09 11:14:11,722 [INFO] ProtocoloPaz: agente TQSC_Main listo
2026-07-09 11:14:11,722 [INFO]   Agentes conocidos: {'2024f1577fd650b4a3fcbd183d445a51': <core.protocolo_paz.IdentidadAgente object at 0x000001F1BF66F110>}
2026-07-09 11:14:11,722 [INFO] 🟢 [protocolo_paz] activo
2026-07-09 11:14:11,722 [INFO] Memoria: 1 recuerdos, 1 válidos
2026-07-09 11:14:11,722 [INFO] 🟢 [memoria] activo
2026-07-09 11:14:11,722 [INFO] ✅ TQSC listo. 9/9 núcleos activos.
2026-07-09 11:14:12,723 [INFO] ⏹️ TQSC deteniéndose...
2026-07-09 11:19:07,247 [INFO] SyscallMonitor: MODO TEST — sin hardware real
2026-07-09 11:19:57,812 [INFO] SyscallMonitor: MODO TEST — sin hardware real
2026-07-09 11:19:57,812 [INFO] 🧬 OctaRCQ-X8: 18 subnúcleos listos
2026-07-09 11:19:57,812 [INFO] Agente TQSC_Main creado: id=5745b1f1...
2026-07-09 11:19:57,812 [INFO] Agente registrado: TQSC_Main
2026-07-09 11:19:57,814 [INFO] 🧠 TQSC v1.0 inicializado — 9 núcleos/módulos listos
2026-07-09 11:19:57,814 [INFO] 🚀 TQSC arrancando...
2026-07-09 11:19:57,814 [INFO] 🟢 [blockchain] activo
2026-07-09 11:19:59,253 [INFO] Entropía: 1.0
2026-07-09 11:19:59,253 [INFO] 🟢 [entropia] activo
2026-07-09 11:19:59,253 [INFO] SyscallMonitor: monitoreo simulado (test mode)
2026-07-09 11:19:59,253 [INFO] DefenseCore: syscall monitor activo
2026-07-09 11:20:00,128 [INFO] 🟢 [defensa_fisica] activo
2026-07-09 11:20:00,128 [WARNING] QuantumValidator: campo faltante: firma
2026-07-09 11:20:00,128 [INFO] Quantum: Descartado: campo faltante: firma
2026-07-09 11:20:00,128 [INFO] 🟢 [cuantico] activo
2026-07-09 11:20:00,129 [INFO] Honeypot escuchando en puerto 2222
2026-07-09 11:20:00,129 [INFO] 🟢 [honeypot] activo
2026-07-09 11:20:00,133 [INFO] IA Core: 8 octantes activos
2026-07-09 11:20:00,133 [INFO] 🟢 [ia_core] activo
2026-07-09 11:20:00,133 [INFO] Cortex: estado=ok
2026-07-09 11:20:00,133 [INFO] 🟢 [cortex] activo
2026-07-09 11:20:00,133 [INFO] ProtocoloPaz: agente TQSC_Main listo
2026-07-09 11:20:00,133 [INFO]   Agentes conocidos: {'5745b1f1e888a8f811e48915455e73c2': <core.protocolo_paz.IdentidadAgente object at 0x00000223671A3790>}
2026-07-09 11:20:00,133 [INFO] 🟢 [protocolo_paz] activo
2026-07-09 11:20:00,133 [INFO] Memoria: 1 recuerdos, 1 válidos
2026-07-09 11:20:00,133 [INFO] 🟢 [memoria] activo
2026-07-09 11:20:00,133 [INFO] ✅ TQSC listo. 9/9 núcleos activos.
2026-07-09 11:20:38,712 [INFO] SyscallMonitor: MODO TEST — sin hardware real
2026-07-09 11:20:38,713 [INFO] 🧬 OctaRCQ-X8: 18 subnúcleos listos
2026-07-09 11:20:38,713 [INFO] Agente TQSC_Main creado: id=02cfc52c...
2026-07-09 11:20:38,713 [INFO] Agente registrado: TQSC_Main
2026-07-09 11:20:38,713 [INFO] 🧠 TQSC v1.0 inicializado — 9 núcleos/módulos listos
2026-07-09 11:20:38,713 [INFO] 🚀 TQSC arrancando...
2026-07-09 11:20:38,714 [INFO] 🟢 [blockchain] activo
2026-07-09 11:20:40,061 [INFO] Entropía: 1.0
2026-07-09 11:20:40,061 [INFO] 🟢 [entropia] activo
2026-07-09 11:20:40,061 [INFO] SyscallMonitor: monitoreo simulado (test mode)
2026-07-09 11:20:40,061 [INFO] DefenseCore: syscall monitor activo
2026-07-09 11:20:40,878 [INFO] 🟢 [defensa_fisica] activo
2026-07-09 11:20:40,878 [WARNING] QuantumValidator: campo faltante: firma
2026-07-09 11:20:40,878 [INFO] Quantum: Descartado: campo faltante: firma
2026-07-09 11:20:40,878 [INFO] 🟢 [cuantico] activo
2026-07-09 11:20:40,879 [INFO] Honeypot escuchando en puerto 2222
2026-07-09 11:20:40,879 [INFO] 🟢 [honeypot] activo
2026-07-09 11:20:40,883 [INFO] IA Core: 8 octantes activos
2026-07-09 11:20:40,883 [INFO] 🟢 [ia_core] activo
2026-07-09 11:20:40,883 [INFO] Cortex: estado=ok
2026-07-09 11:20:40,883 [INFO] 🟢 [cortex] activo
2026-07-09 11:20:40,883 [INFO] ProtocoloPaz: agente TQSC_Main listo
2026-07-09 11:20:40,883 [INFO]   Agentes conocidos: {'02cfc52cd048b9145eb6d9cb4520045f': <core.protocolo_paz.IdentidadAgente object at 0x00000203EFD637D0>}
2026-07-09 11:20:40,883 [INFO] 🟢 [protocolo_paz] activo
2026-07-09 11:20:40,884 [INFO] Memoria: 1 recuerdos, 1 válidos
2026-07-09 11:20:40,884 [INFO] 🟢 [memoria] activo
2026-07-09 11:20:40,884 [INFO] ✅ TQSC listo. 9/9 núcleos activos.
2026-07-09 11:20:41,885 [INFO] ⏹️ TQSC deteniéndose...
2026-07-09 11:22:38,073 [INFO] SyscallMonitor: MODO TEST — sin hardware real
2026-07-09 11:22:38,073 [INFO] 🧬 OctaRCQ-X8: 18 subnúcleos listos
2026-07-09 11:22:38,073 [INFO] Agente TQSC_Main creado: id=bf47d228...
2026-07-09 11:22:38,073 [INFO] Agente registrado: TQSC_Main
2026-07-09 11:22:38,074 [INFO] 🧠 TQSC v1.0 inicializado — 9 núcleos/módulos listos
2026-07-09 11:22:38,074 [INFO] 🚀 TQSC arrancando...
2026-07-09 11:22:38,074 [INFO] 🟢 [blockchain] activo
2026-07-09 11:22:39,424 [INFO] Entropía: 1.0
2026-07-09 11:22:39,424 [INFO] 🟢 [entropia] activo
2026-07-09 11:22:39,424 [INFO] SyscallMonitor: monitoreo simulado (test mode)
2026-07-09 11:22:39,425 [INFO] DefenseCore: syscall monitor activo
2026-07-09 11:22:40,256 [INFO] 🟢 [defensa_fisica] activo
2026-07-09 11:22:40,256 [WARNING] QuantumValidator: campo faltante: firma
2026-07-09 11:22:40,256 [INFO] Quantum: Descartado: campo faltante: firma
2026-07-09 11:22:40,256 [INFO] 🟢 [cuantico] activo
2026-07-09 11:22:40,258 [INFO] Honeypot escuchando en puerto 2222
2026-07-09 11:22:40,258 [INFO] 🟢 [honeypot] activo
2026-07-09 11:22:40,262 [INFO] IA Core: 8 octantes activos
2026-07-09 11:22:40,262 [INFO] 🟢 [ia_core] activo
2026-07-09 11:22:40,262 [INFO] Cortex: estado=ok
2026-07-09 11:22:40,262 [INFO] 🟢 [cortex] activo
2026-07-09 11:22:40,262 [INFO] ProtocoloPaz: agente TQSC_Main listo
2026-07-09 11:22:40,262 [INFO]   Agentes conocidos: {'bf47d2282e256ccdb7810e41d327ba8a': <core.protocolo_paz.IdentidadAgente object at 0x000001FDB67C8C90>}
2026-07-09 11:22:40,263 [INFO] 🟢 [protocolo_paz] activo
2026-07-09 11:22:40,263 [INFO] Memoria: 1 recuerdos, 1 válidos
2026-07-09 11:22:40,263 [INFO] 🟢 [memoria] activo
2026-07-09 11:22:40,263 [INFO] ✅ TQSC listo. 9/9 núcleos activos.
2026-07-09 11:23:17,126 [INFO] SyscallMonitor: MODO TEST — sin hardware real
2026-07-09 11:23:17,126 [INFO] 🧬 OctaRCQ-X8: 18 subnúcleos listos
2026-07-09 11:23:17,126 [INFO] Agente TQSC_Main creado: id=4c3b8772...
2026-07-09 11:23:17,126 [INFO] Agente registrado: TQSC_Main
2026-07-09 11:23:17,126 [INFO] 🧠 TQSC v1.0 inicializado — 9 núcleos/módulos listos
2026-07-09 11:23:17,127 [INFO] 🚀 TQSC arrancando...
2026-07-09 11:23:17,128 [INFO] 🟢 [blockchain] activo
2026-07-09 11:23:18,491 [INFO] Entropía: 1.0
2026-07-09 11:23:18,491 [INFO] 🟢 [entropia] activo
2026-07-09 11:23:18,491 [INFO] SyscallMonitor: monitoreo simulado (test mode)
2026-07-09 11:23:18,491 [INFO] DefenseCore: syscall monitor activo
2026-07-09 11:23:19,293 [INFO] 🟢 [defensa_fisica] activo
2026-07-09 11:23:19,293 [WARNING] QuantumValidator: campo faltante: firma
2026-07-09 11:23:19,293 [INFO] Quantum: Descartado: campo faltante: firma
2026-07-09 11:23:19,293 [INFO] 🟢 [cuantico] activo
2026-07-09 11:23:19,294 [INFO] Honeypot escuchando en puerto 2222
2026-07-09 11:23:19,294 [INFO] 🟢 [honeypot] activo
2026-07-09 11:23:19,298 [INFO] IA Core: 8 octantes activos
2026-07-09 11:23:19,298 [INFO] 🟢 [ia_core] activo
2026-07-09 11:23:19,298 [INFO] Cortex: estado=ok
2026-07-09 11:23:19,298 [INFO] 🟢 [cortex] activo
2026-07-09 11:23:19,298 [INFO] ProtocoloPaz: agente TQSC_Main listo
2026-07-09 11:23:19,298 [INFO]   Agentes conocidos: {'4c3b8772601c6e564d114eb5f72de726': <core.protocolo_paz.IdentidadAgente object at 0x000001C0CBA3C210>}
2026-07-09 11:23:19,298 [INFO] 🟢 [protocolo_paz] activo
2026-07-09 11:23:19,298 [INFO] Memoria: 1 recuerdos, 1 válidos
2026-07-09 11:23:19,299 [INFO] 🟢 [memoria] activo
2026-07-09 11:23:19,299 [INFO] ✅ TQSC listo. 9/9 núcleos activos.
2026-07-09 11:23:20,299 [INFO] ⏹️ TQSC deteniéndose...
2026-07-09 11:24:10,535 [INFO] SyscallMonitor: MODO TEST — sin hardware real
2026-07-09 11:24:10,535 [INFO] 🧬 OctaRCQ-X8: 18 subnúcleos listos
2026-07-09 11:24:10,535 [INFO] Agente TQSC_Main creado: id=80137326...
2026-07-09 11:24:10,535 [INFO] Agente registrado: TQSC_Main
2026-07-09 11:24:10,535 [INFO] 🧠 TQSC v1.0 inicializado — 9 núcleos/módulos listos
2026-07-09 11:24:10,535 [INFO] 🚀 TQSC arrancando...
2026-07-09 11:24:10,536 [INFO] 🟢 [blockchain] activo
2026-07-09 11:24:11,909 [INFO] Entropía: 1.0
2026-07-09 11:24:11,909 [INFO] 🟢 [entropia] activo
2026-07-09 11:24:11,909 [INFO] SyscallMonitor: monitoreo simulado (test mode)
2026-07-09 11:24:11,909 [INFO] DefenseCore: syscall monitor activo
2026-07-09 11:24:12,756 [INFO] 🟢 [defensa_fisica] activo
2026-07-09 11:24:12,756 [WARNING] QuantumValidator: hash demasiado corto: 3 chars; campo faltante: firma
2026-07-09 11:24:12,757 [INFO] Quantum: Descartado: hash demasiado corto: 3 chars; campo faltante: firma
2026-07-09 11:24:12,757 [INFO] 🟢 [cuantico] activo
2026-07-09 11:24:12,757 [INFO] Honeypot escuchando en puerto 2222
2026-07-09 11:24:12,757 [INFO] 🟢 [honeypot] activo
2026-07-09 11:24:12,758 [ERROR] 🔴 [ia_core] falló: can only concatenate list (not "tuple") to list
Traceback (most recent call last):
  File "C:\Users\raem9\Desktop\Proyecto TQSC\v1.0\tqsc\main.py", line 88, in iniciar
    fn()
  File "C:\Users\raem9\Desktop\Proyecto TQSC\v1.0\tqsc\main.py", line 123, in _iniciar_ia_core
    self.ia_core.recibir_evento("test: inicialización del sistema")
  File "C:\Users\raem9\Desktop\Proyecto TQSC\v1.0\tqsc\core\octarcq.py", line 106, in recibir_evento
    resultado_q = self.validador_cu.procesar(evento_dict)
                  ^^^^^^^^^^^^^^^^^^^^^^^^^^^^^^^^^^^^^^^
  File "C:\Users\raem9\Desktop\Proyecto TQSC\v1.0\tqsc\quantum\__init__.py", line 185, in procesar
    confianza, aceptado = self.veracity.evaluar(evento)
                          ^^^^^^^^^^^^^^^^^^^^^^^^^^^^^
  File "C:\Users\raem9\Desktop\Proyecto TQSC\v1.0\tqsc\quantum\__init__.py", line 82, in evaluar
    extra = sum(1 for c in evento if c not in requeridos + ("hash", "firma"))
            ^^^^^^^^^^^^^^^^^^^^^^^^^^^^^^^^^^^^^^^^^^^^^^^^^^^^^^^^^^^^^^^^^
  File "C:\Users\raem9\Desktop\Proyecto TQSC\v1.0\tqsc\quantum\__init__.py", line 82, in <genexpr>
    extra = sum(1 for c in evento if c not in requeridos + ("hash", "firma"))
                                              ~~~~~~~~~~~^~~~~~~~~~~~~~~~~~~
TypeError: can only concatenate list (not "tuple") to list
2026-07-09 11:24:12,761 [INFO] Cortex: estado=ok
2026-07-09 11:24:12,761 [INFO] 🟢 [cortex] activo
2026-07-09 11:24:12,761 [INFO] ProtocoloPaz: agente TQSC_Main listo
2026-07-09 11:24:12,761 [INFO]   Agentes conocidos: {'801373260a48584ab0741d442b4ed643': <core.protocolo_paz.IdentidadAgente object at 0x000002FCEFFD0990>}
2026-07-09 11:24:12,762 [INFO] 🟢 [protocolo_paz] activo
2026-07-09 11:24:12,762 [INFO] Memoria: 1 recuerdos, 1 válidos
2026-07-09 11:24:12,762 [INFO] 🟢 [memoria] activo
2026-07-09 11:24:12,762 [INFO] ✅ TQSC listo. 8/9 núcleos activos.
2026-07-09 11:25:08,915 [INFO] SyscallMonitor: MODO TEST — sin hardware real
2026-07-09 11:25:08,915 [INFO] 🧬 OctaRCQ-X8: 18 subnúcleos listos
2026-07-09 11:25:08,916 [INFO] Agente TQSC_Main creado: id=9d227c6e...
2026-07-09 11:25:08,916 [INFO] Agente registrado: TQSC_Main
2026-07-09 11:25:08,916 [INFO] 🧠 TQSC v1.0 inicializado — 9 núcleos/módulos listos
2026-07-09 11:25:08,916 [INFO] 🚀 TQSC arrancando...
2026-07-09 11:25:08,916 [INFO] 🟢 [blockchain] activo
2026-07-09 11:25:10,313 [INFO] Entropía: 1.0
2026-07-09 11:25:10,313 [INFO] 🟢 [entropia] activo
2026-07-09 11:25:10,313 [INFO] SyscallMonitor: monitoreo simulado (test mode)
2026-07-09 11:25:10,313 [INFO] DefenseCore: syscall monitor activo
2026-07-09 11:25:11,190 [INFO] 🟢 [defensa_fisica] activo
2026-07-09 11:25:11,190 [WARNING] QuantumValidator: hash demasiado corto: 3 chars; campo faltante: firma
2026-07-09 11:25:11,190 [INFO] Quantum: Descartado: hash demasiado corto: 3 chars; campo faltante: firma
2026-07-09 11:25:11,190 [INFO] 🟢 [cuantico] activo
2026-07-09 11:25:11,190 [INFO] Honeypot escuchando en puerto 2222
2026-07-09 11:25:11,190 [INFO] 🟢 [honeypot] activo
2026-07-09 11:25:11,195 [INFO] IA Core: 8 octantes activos
2026-07-09 11:25:11,195 [INFO] 🟢 [ia_core] activo
2026-07-09 11:25:11,195 [INFO] Cortex: estado=ok
2026-07-09 11:25:11,195 [INFO] 🟢 [cortex] activo
2026-07-09 11:25:11,195 [INFO] ProtocoloPaz: agente TQSC_Main listo
2026-07-09 11:25:11,195 [INFO]   Agentes conocidos: {'9d227c6ef1b3d151b30eabdf2938c4cf': <core.protocolo_paz.IdentidadAgente object at 0x00000144E41E0890>}
2026-07-09 11:25:11,195 [INFO] 🟢 [protocolo_paz] activo
2026-07-09 11:25:11,195 [INFO] Memoria: 1 recuerdos, 1 válidos
2026-07-09 11:25:11,195 [INFO] 🟢 [memoria] activo
2026-07-09 11:25:11,195 [INFO] ✅ TQSC listo. 9/9 núcleos activos.
2026-07-09 11:26:17,960 [INFO] SyscallMonitor: MODO TEST — sin hardware real
2026-07-09 11:26:17,960 [INFO] 🧬 OctaRCQ-X8: 18 subnúcleos listos
2026-07-09 11:26:17,960 [INFO] Agente TQSC_Main creado: id=5727ada6...
2026-07-09 11:26:17,960 [INFO] Agente registrado: TQSC_Main
2026-07-09 11:26:17,960 [INFO] 🧠 TQSC v1.0 inicializado — 9 núcleos/módulos listos
2026-07-09 11:26:17,960 [INFO] 🚀 TQSC arrancando...
2026-07-09 11:26:17,960 [INFO] 🟢 [blockchain] activo
2026-07-09 11:26:19,376 [INFO] Entropía: 1.0
2026-07-09 11:26:19,376 [INFO] 🟢 [entropia] activo
2026-07-09 11:26:19,376 [INFO] SyscallMonitor: monitoreo simulado (test mode)
2026-07-09 11:26:19,376 [INFO] DefenseCore: syscall monitor activo
2026-07-09 11:26:20,282 [INFO] 🟢 [defensa_fisica] activo
2026-07-09 11:26:20,282 [WARNING] QuantumValidator: hash demasiado corto: 3 chars; campo faltante: firma
2026-07-09 11:26:20,282 [INFO] Quantum: Descartado: hash demasiado corto: 3 chars; campo faltante: firma
2026-07-09 11:26:20,282 [INFO] 🟢 [cuantico] activo
2026-07-09 11:26:20,283 [INFO] Honeypot escuchando en puerto 2222
2026-07-09 11:26:20,283 [INFO] 🟢 [honeypot] activo
2026-07-09 11:26:20,288 [INFO] IA Core: 8 octantes activos
2026-07-09 11:26:20,288 [INFO] 🟢 [ia_core] activo
2026-07-09 11:26:20,288 [INFO] Cortex: estado=ok
2026-07-09 11:26:20,288 [INFO] 🟢 [cortex] activo
2026-07-09 11:26:20,288 [INFO] ProtocoloPaz: agente TQSC_Main listo
2026-07-09 11:26:20,288 [INFO]   Agentes conocidos: {'5727ada62ecc6aef26d0773df8e841c6': <core.protocolo_paz.IdentidadAgente object at 0x000002C060790990>}
2026-07-09 11:26:20,288 [INFO] 🟢 [protocolo_paz] activo
2026-07-09 11:26:20,288 [INFO] Memoria: 1 recuerdos, 1 válidos
2026-07-09 11:26:20,288 [INFO] 🟢 [memoria] activo
2026-07-09 11:26:20,288 [INFO] ✅ TQSC listo. 9/9 núcleos activos.
2026-07-09 11:26:21,289 [INFO] ⏹️ TQSC deteniéndose...
2026-07-09 11:29:06,719 [INFO] SyscallMonitor: MODO TEST — sin hardware real
2026-07-09 11:29:06,719 [INFO] 🧬 OctaRCQ-X8: 18 subnúcleos listos
2026-07-09 11:29:06,719 [INFO] Agente TQSC_Main creado: id=8529d817...
2026-07-09 11:29:06,719 [INFO] Agente registrado: TQSC_Main
2026-07-09 11:29:06,720 [INFO] 🧠 TQSC v1.0 inicializado — 9 núcleos/módulos listos
2026-07-09 11:29:06,720 [INFO] 🚀 TQSC arrancando...
2026-07-09 11:29:06,720 [INFO] 🟢 [blockchain] activo
2026-07-09 11:29:08,101 [INFO] Entropía: 1.0
2026-07-09 11:29:08,102 [INFO] 🟢 [entropia] activo
2026-07-09 11:29:08,102 [INFO] SyscallMonitor: monitoreo simulado (test mode)
2026-07-09 11:29:08,102 [INFO] DefenseCore: syscall monitor activo
2026-07-09 11:29:08,919 [INFO] 🟢 [defensa_fisica] activo
2026-07-09 11:29:08,920 [WARNING] QuantumValidator: hash demasiado corto: 3 chars; campo faltante: firma
2026-07-09 11:29:08,920 [INFO] Quantum: Descartado: hash demasiado corto: 3 chars; campo faltante: firma
2026-07-09 11:29:08,920 [INFO] 🟢 [cuantico] activo
2026-07-09 11:29:08,921 [INFO] Honeypot escuchando en puerto 2222
2026-07-09 11:29:08,921 [INFO] 🟢 [honeypot] activo
2026-07-09 11:29:08,924 [INFO] IA Core: 8 octantes activos
2026-07-09 11:29:08,924 [INFO] 🟢 [ia_core] activo
2026-07-09 11:29:08,924 [INFO] Cortex: estado=ok
2026-07-09 11:29:08,924 [INFO] 🟢 [cortex] activo
2026-07-09 11:29:08,924 [INFO] ProtocoloPaz: agente TQSC_Main listo
2026-07-09 11:29:08,925 [INFO]   Agentes conocidos: {'8529d817397b5dfb20048e748edeee93': <core.protocolo_paz.IdentidadAgente object at 0x000001C5826C0950>}
2026-07-09 11:29:08,925 [INFO] 🟢 [protocolo_paz] activo
2026-07-09 11:29:08,925 [INFO] Memoria: 1 recuerdos, 1 válidos
2026-07-09 11:29:08,925 [INFO] 🟢 [memoria] activo
2026-07-09 11:29:08,925 [INFO] ✅ TQSC listo. 9/9 núcleos activos.
2026-07-09 11:29:31,306 [INFO] SyscallMonitor: MODO TEST — sin hardware real
2026-07-09 11:29:31,306 [INFO] 🧬 OctaRCQ-X8: 18 subnúcleos listos
2026-07-09 11:29:31,306 [INFO] Agente TQSC_Main creado: id=5be64bc4...
2026-07-09 11:29:31,306 [INFO] Agente registrado: TQSC_Main
2026-07-09 11:29:31,307 [INFO] 🧠 TQSC v1.0 inicializado — 9 núcleos/módulos listos
2026-07-09 11:29:31,307 [INFO] 🚀 TQSC arrancando...
2026-07-09 11:29:31,307 [INFO] 🟢 [blockchain] activo
2026-07-09 11:29:32,670 [INFO] Entropía: 1.0
2026-07-09 11:29:32,670 [INFO] 🟢 [entropia] activo
2026-07-09 11:29:32,670 [INFO] SyscallMonitor: monitoreo simulado (test mode)
2026-07-09 11:29:32,670 [INFO] DefenseCore: syscall monitor activo
2026-07-09 11:29:33,515 [INFO] 🟢 [defensa_fisica] activo
2026-07-09 11:29:33,515 [WARNING] QuantumValidator: hash demasiado corto: 3 chars; campo faltante: firma
2026-07-09 11:29:33,515 [INFO] Quantum: Descartado: hash demasiado corto: 3 chars; campo faltante: firma
2026-07-09 11:29:33,515 [INFO] 🟢 [cuantico] activo
2026-07-09 11:29:33,516 [INFO] Honeypot escuchando en puerto 2222
2026-07-09 11:29:33,516 [INFO] 🟢 [honeypot] activo
2026-07-09 11:29:33,520 [INFO] IA Core: 8 octantes activos
2026-07-09 11:29:33,521 [INFO] 🟢 [ia_core] activo
2026-07-09 11:29:33,521 [INFO] Cortex: estado=ok
2026-07-09 11:29:33,521 [INFO] 🟢 [cortex] activo
2026-07-09 11:29:33,521 [INFO] ProtocoloPaz: agente TQSC_Main listo
2026-07-09 11:29:33,521 [INFO]   Agentes conocidos: {'5be64bc4daca2dbbbc3dcf26374dd0c2': <core.protocolo_paz.IdentidadAgente object at 0x0000013C70260950>}
2026-07-09 11:29:33,521 [INFO] 🟢 [protocolo_paz] activo
2026-07-09 11:29:33,521 [INFO] Memoria: 1 recuerdos, 1 válidos
2026-07-09 11:29:33,521 [INFO] 🟢 [memoria] activo
2026-07-09 11:29:33,521 [INFO] ✅ TQSC listo. 9/9 núcleos activos.
2026-07-09 11:29:49,392 [INFO] SyscallMonitor: MODO TEST — sin hardware real
2026-07-09 11:29:49,393 [INFO] 🧬 OctaRCQ-X8: 18 subnúcleos listos
2026-07-09 11:29:49,393 [INFO] Agente TQSC_Main creado: id=101cb852...
2026-07-09 11:29:49,393 [INFO] Agente registrado: TQSC_Main
2026-07-09 11:29:49,393 [INFO] 🧠 TQSC v1.0 inicializado — 9 núcleos/módulos listos
2026-07-09 11:29:49,393 [INFO] 🚀 TQSC arrancando...
2026-07-09 11:29:49,394 [INFO] 🟢 [blockchain] activo
2026-07-09 11:29:50,769 [INFO] Entropía: 1.0
2026-07-09 11:29:50,769 [INFO] 🟢 [entropia] activo
2026-07-09 11:29:50,769 [INFO] SyscallMonitor: monitoreo simulado (test mode)
2026-07-09 11:29:50,769 [INFO] DefenseCore: syscall monitor activo
2026-07-09 11:29:51,569 [INFO] 🟢 [defensa_fisica] activo
2026-07-09 11:29:51,569 [WARNING] QuantumValidator: hash demasiado corto: 3 chars; campo faltante: firma
2026-07-09 11:29:51,569 [INFO] Quantum: Descartado: hash demasiado corto: 3 chars; campo faltante: firma
2026-07-09 11:29:51,569 [INFO] 🟢 [cuantico] activo
2026-07-09 11:29:51,570 [INFO] Honeypot escuchando en puerto 2222
2026-07-09 11:29:51,570 [INFO] 🟢 [honeypot] activo
2026-07-09 11:29:51,573 [INFO] IA Core: 8 octantes activos
2026-07-09 11:29:51,574 [INFO] 🟢 [ia_core] activo
2026-07-09 11:29:51,574 [INFO] Cortex: estado=ok
2026-07-09 11:29:51,574 [INFO] 🟢 [cortex] activo
2026-07-09 11:29:51,574 [INFO] ProtocoloPaz: agente TQSC_Main listo
2026-07-09 11:29:51,574 [INFO]   Agentes conocidos: {'101cb852d76b55ebad90265db0e705bb': <core.protocolo_paz.IdentidadAgente object at 0x00000227AE6D0950>}
2026-07-09 11:29:51,574 [INFO] 🟢 [protocolo_paz] activo
2026-07-09 11:29:51,574 [INFO] Memoria: 1 recuerdos, 1 válidos
2026-07-09 11:29:51,574 [INFO] 🟢 [memoria] activo
2026-07-09 11:29:51,574 [INFO] ✅ TQSC listo. 9/9 núcleos activos.
2026-07-09 11:31:27,914 [INFO] SyscallMonitor: MODO TEST — sin hardware real
2026-07-09 11:31:27,914 [INFO] 🧬 OctaRCQ-X8: 18 subnúcleos listos
2026-07-09 11:31:27,914 [INFO] Agente TQSC_Main creado: id=ab9c1673...
2026-07-09 11:31:27,914 [INFO] Agente registrado: TQSC_Main
2026-07-09 11:31:27,915 [INFO] 🧠 TQSC v1.0 inicializado — 9 núcleos/módulos listos
2026-07-09 11:31:27,915 [INFO] 🚀 TQSC arrancando...
2026-07-09 11:31:27,915 [INFO] 🟢 [blockchain] activo
2026-07-09 11:31:29,307 [INFO] Entropía: 1.0
2026-07-09 11:31:29,307 [INFO] 🟢 [entropia] activo
2026-07-09 11:31:29,307 [INFO] SyscallMonitor: monitoreo simulado (test mode)
2026-07-09 11:31:29,307 [INFO] DefenseCore: syscall monitor activo
2026-07-09 11:31:30,111 [INFO] 🟢 [defensa_fisica] activo
2026-07-09 11:31:30,111 [WARNING] QuantumValidator: hash demasiado corto: 3 chars; campo faltante: firma
2026-07-09 11:31:30,111 [INFO] Quantum: Descartado: hash demasiado corto: 3 chars; campo faltante: firma
2026-07-09 11:31:30,111 [INFO] 🟢 [cuantico] activo
2026-07-09 11:31:30,112 [INFO] Honeypot escuchando en puerto 2222
2026-07-09 11:31:30,112 [INFO] 🟢 [honeypot] activo
2026-07-09 11:31:30,115 [INFO] IA Core: 8 octantes activos
2026-07-09 11:31:30,115 [INFO] 🟢 [ia_core] activo
2026-07-09 11:31:30,116 [INFO] Cortex: estado=ok
2026-07-09 11:31:30,116 [INFO] 🟢 [cortex] activo
2026-07-09 11:31:30,116 [INFO] ProtocoloPaz: agente TQSC_Main listo
2026-07-09 11:31:30,116 [INFO]   Agentes conocidos: {'ab9c1673f9c48d1c688a3ac79985773c': <core.protocolo_paz.IdentidadAgente object at 0x000001F60BCC0950>}
2026-07-09 11:31:30,116 [INFO] 🟢 [protocolo_paz] activo
2026-07-09 11:31:30,116 [INFO] Memoria: 1 recuerdos, 1 válidos
2026-07-09 11:31:30,116 [INFO] 🟢 [memoria] activo
2026-07-09 11:31:30,116 [INFO] ✅ TQSC listo. 9/9 núcleos activos.
2026-07-09 11:32:06,630 [INFO] SyscallMonitor: MODO TEST — sin hardware real
2026-07-09 11:32:06,630 [INFO] 🧬 OctaRCQ-X8: 18 subnúcleos listos
2026-07-09 11:32:06,630 [INFO] Agente TQSC_Main creado: id=6aa74fd9...
2026-07-09 11:32:06,630 [INFO] Agente registrado: TQSC_Main
2026-07-09 11:32:06,632 [INFO] 🧠 TQSC v1.0 inicializado — 9 núcleos/módulos listos
2026-07-09 11:32:06,632 [INFO] 🚀 TQSC arrancando...
2026-07-09 11:32:06,632 [INFO] 🟢 [blockchain] activo
2026-07-09 11:32:08,018 [INFO] Entropía: 1.0
2026-07-09 11:32:08,018 [INFO] 🟢 [entropia] activo
2026-07-09 11:32:08,018 [INFO] SyscallMonitor: monitoreo simulado (test mode)
2026-07-09 11:32:08,018 [INFO] DefenseCore: syscall monitor activo
2026-07-09 11:32:08,849 [INFO] 🟢 [defensa_fisica] activo
2026-07-09 11:32:08,849 [WARNING] QuantumValidator: hash demasiado corto: 3 chars; campo faltante: firma
2026-07-09 11:32:08,850 [INFO] Quantum: Descartado: hash demasiado corto: 3 chars; campo faltante: firma
2026-07-09 11:32:08,850 [INFO] 🟢 [cuantico] activo
2026-07-09 11:32:08,850 [INFO] Honeypot escuchando en puerto 2222
2026-07-09 11:32:08,850 [INFO] 🟢 [honeypot] activo
2026-07-09 11:32:08,854 [INFO] IA Core: 8 octantes activos
2026-07-09 11:32:08,854 [INFO] 🟢 [ia_core] activo
2026-07-09 11:32:08,854 [INFO] Cortex: estado=ok
2026-07-09 11:32:08,854 [INFO] 🟢 [cortex] activo
2026-07-09 11:32:08,854 [INFO] ProtocoloPaz: agente TQSC_Main listo
2026-07-09 11:32:08,854 [INFO]   Agentes conocidos: {'6aa74fd94b85e6d8ed53d0a26c14ef6d': <core.protocolo_paz.IdentidadAgente object at 0x0000026D4C780990>}
2026-07-09 11:32:08,854 [INFO] 🟢 [protocolo_paz] activo
2026-07-09 11:32:08,855 [INFO] Memoria: 1 recuerdos, 1 válidos
2026-07-09 11:32:08,855 [INFO] 🟢 [memoria] activo
2026-07-09 11:32:08,855 [INFO] ✅ TQSC listo. 9/9 núcleos activos.
2026-07-09 11:32:09,856 [INFO] ⏹️ TQSC deteniéndose...
2026-07-09 11:33:29,085 [INFO] SyscallMonitor: MODO TEST — sin hardware real
2026-07-09 11:33:29,085 [INFO] 🧬 OctaRCQ-X8: 18 subnúcleos listos
2026-07-09 11:33:29,085 [INFO] Agente TQSC_Main creado: id=27a855a1...
2026-07-09 11:33:29,085 [INFO] Agente registrado: TQSC_Main
2026-07-09 11:33:29,086 [INFO] 🧠 TQSC v1.0 inicializado — 9 núcleos/módulos listos
2026-07-09 11:33:29,086 [INFO] 🚀 TQSC arrancando...
2026-07-09 11:33:29,086 [INFO] 🟢 [blockchain] activo
2026-07-09 11:33:30,463 [INFO] Entropía: 1.0
2026-07-09 11:33:30,464 [INFO] 🟢 [entropia] activo
2026-07-09 11:33:30,464 [INFO] SyscallMonitor: monitoreo simulado (test mode)
2026-07-09 11:33:30,464 [INFO] DefenseCore: syscall monitor activo
2026-07-09 11:33:31,319 [INFO] 🟢 [defensa_fisica] activo
2026-07-09 11:33:31,320 [WARNING] QuantumValidator: hash demasiado corto: 3 chars; campo faltante: firma
2026-07-09 11:33:31,320 [INFO] Quantum: Descartado: hash demasiado corto: 3 chars; campo faltante: firma
2026-07-09 11:33:31,320 [INFO] 🟢 [cuantico] activo
2026-07-09 11:33:31,320 [INFO] Honeypot escuchando en puerto 2222
2026-07-09 11:33:31,320 [INFO] 🟢 [honeypot] activo
2026-07-09 11:33:31,324 [INFO] IA Core: 8 octantes activos
2026-07-09 11:33:31,324 [INFO] 🟢 [ia_core] activo
2026-07-09 11:33:31,324 [INFO] Cortex: estado=ok
2026-07-09 11:33:31,324 [INFO] 🟢 [cortex] activo
2026-07-09 11:33:31,324 [INFO] ProtocoloPaz: agente TQSC_Main listo
2026-07-09 11:33:31,324 [INFO]   Agentes conocidos: {'27a855a1ea7a51065ce67a2c5617bc72': <core.protocolo_paz.IdentidadAgente object at 0x0000019DD1EC0A50>}
2026-07-09 11:33:31,324 [INFO] 🟢 [protocolo_paz] activo
2026-07-09 11:33:31,324 [INFO] Memoria: 1 recuerdos, 1 válidos
2026-07-09 11:33:31,324 [INFO] 🟢 [memoria] activo
2026-07-09 11:33:31,325 [INFO] ✅ TQSC listo. 9/9 núcleos activos.
2026-07-09 11:33:56,070 [INFO] SyscallMonitor: MODO TEST — sin hardware real
2026-07-09 11:33:56,071 [INFO] 🧬 OctaRCQ-X8: 18 subnúcleos listos
2026-07-09 11:33:56,071 [INFO] Agente TQSC_Main creado: id=f6f50f2b...
2026-07-09 11:33:56,071 [INFO] Agente registrado: TQSC_Main
2026-07-09 11:33:56,071 [INFO] 🧠 TQSC v1.0 inicializado — 9 núcleos/módulos listos
2026-07-09 11:33:56,071 [INFO] 🚀 TQSC arrancando...
2026-07-09 11:33:56,072 [INFO] 🟢 [blockchain] activo
2026-07-09 11:33:57,520 [INFO] Entropía: 1.0
2026-07-09 11:33:57,520 [INFO] 🟢 [entropia] activo
2026-07-09 11:33:57,520 [INFO] SyscallMonitor: monitoreo simulado (test mode)
2026-07-09 11:33:57,520 [INFO] DefenseCore: syscall monitor activo
2026-07-09 11:33:58,366 [INFO] 🟢 [defensa_fisica] activo
2026-07-09 11:33:58,366 [WARNING] QuantumValidator: hash demasiado corto: 3 chars; campo faltante: firma
2026-07-09 11:33:58,366 [INFO] Quantum: Descartado: hash demasiado corto: 3 chars; campo faltante: firma
2026-07-09 11:33:58,366 [INFO] 🟢 [cuantico] activo
2026-07-09 11:33:58,367 [INFO] Honeypot escuchando en puerto 2222
2026-07-09 11:33:58,367 [INFO] 🟢 [honeypot] activo
2026-07-09 11:33:58,371 [INFO] IA Core: 8 octantes activos
2026-07-09 11:33:58,371 [INFO] 🟢 [ia_core] activo
2026-07-09 11:33:58,371 [INFO] Cortex: estado=ok
2026-07-09 11:33:58,371 [INFO] 🟢 [cortex] activo
2026-07-09 11:33:58,371 [INFO] ProtocoloPaz: agente TQSC_Main listo
2026-07-09 11:33:58,371 [INFO]   Agentes conocidos: {'f6f50f2b4f2e891c08bdd868dd257fc8': <core.protocolo_paz.IdentidadAgente object at 0x000001B9D2D40B10>}
2026-07-09 11:33:58,371 [INFO] 🟢 [protocolo_paz] activo
2026-07-09 11:33:58,371 [INFO] Memoria: 1 recuerdos, 1 válidos
2026-07-09 11:33:58,373 [INFO] 🟢 [memoria] activo
2026-07-09 11:33:58,373 [INFO] ✅ TQSC listo. 9/9 núcleos activos.
2026-07-09 11:34:36,976 [INFO] SyscallMonitor: MODO TEST — sin hardware real
2026-07-09 11:34:36,977 [INFO] 🧬 OctaRCQ-X8: 18 subnúcleos listos
2026-07-09 11:34:36,977 [INFO] Agente TQSC_Main creado: id=a3fec65e...
2026-07-09 11:34:36,977 [INFO] Agente registrado: TQSC_Main
2026-07-09 11:34:36,977 [INFO] 🧠 TQSC v1.0 inicializado — 9 núcleos/módulos listos
2026-07-09 11:34:36,977 [INFO] 🚀 TQSC arrancando...
2026-07-09 11:34:36,978 [INFO] 🟢 [blockchain] activo
2026-07-09 11:34:38,385 [INFO] Entropía: 1.0
2026-07-09 11:34:38,386 [INFO] 🟢 [entropia] activo
2026-07-09 11:34:38,386 [INFO] SyscallMonitor: monitoreo simulado (test mode)
2026-07-09 11:34:38,386 [INFO] DefenseCore: syscall monitor activo
2026-07-09 11:34:39,222 [INFO] 🟢 [defensa_fisica] activo
2026-07-09 11:34:39,223 [WARNING] QuantumValidator: hash demasiado corto: 3 chars; campo faltante: firma
2026-07-09 11:34:39,223 [INFO] Quantum: Descartado: hash demasiado corto: 3 chars; campo faltante: firma
2026-07-09 11:34:39,223 [INFO] 🟢 [cuantico] activo
2026-07-09 11:34:39,223 [INFO] Honeypot escuchando en puerto 2222
2026-07-09 11:34:39,224 [INFO] 🟢 [honeypot] activo
2026-07-09 11:34:39,228 [INFO] IA Core: 8 octantes activos
2026-07-09 11:34:39,228 [INFO] 🟢 [ia_core] activo
2026-07-09 11:34:39,228 [INFO] Cortex: estado=ok
2026-07-09 11:34:39,228 [INFO] 🟢 [cortex] activo
2026-07-09 11:34:39,228 [INFO] ProtocoloPaz: agente TQSC_Main listo
2026-07-09 11:34:39,228 [INFO]   Agentes conocidos: {'a3fec65ea17de78a4b00e5bcb83f02e2': <core.protocolo_paz.IdentidadAgente object at 0x00000114A6070D10>}
2026-07-09 11:34:39,228 [INFO] 🟢 [protocolo_paz] activo
2026-07-09 11:34:39,228 [INFO] Memoria: 1 recuerdos, 1 válidos
2026-07-09 11:34:39,228 [INFO] 🟢 [memoria] activo
2026-07-09 11:34:39,228 [INFO] ✅ TQSC listo. 9/9 núcleos activos.
2026-07-09 11:34:40,230 [INFO] ⏹️ TQSC deteniéndose...
2026-07-09 11:36:36,256 [INFO] SyscallMonitor: MODO TEST — sin hardware real
2026-07-09 11:36:36,256 [INFO] 🧬 OctaRCQ-X8: 18 subnúcleos listos
2026-07-09 11:36:36,257 [INFO] Agente TQSC_Main creado: id=577b170c...
2026-07-09 11:36:36,257 [INFO] Agente registrado: TQSC_Main
2026-07-09 11:36:36,257 [INFO] 🧠 TQSC v1.0 inicializado — 9 núcleos/módulos listos
2026-07-09 11:36:36,257 [INFO] 🚀 TQSC arrancando...
2026-07-09 11:36:36,258 [INFO] 🟢 [blockchain] activo
2026-07-09 11:36:37,674 [INFO] Entropía: 1.0
2026-07-09 11:36:37,674 [INFO] 🟢 [entropia] activo
2026-07-09 11:36:37,674 [INFO] SyscallMonitor: monitoreo simulado (test mode)
2026-07-09 11:36:37,675 [INFO] DefenseCore: syscall monitor activo
2026-07-09 11:36:38,538 [INFO] 🟢 [defensa_fisica] activo
2026-07-09 11:36:38,538 [WARNING] QuantumValidator: hash demasiado corto: 3 chars; campo faltante: firma
2026-07-09 11:36:38,538 [INFO] Quantum: Descartado: hash demasiado corto: 3 chars; campo faltante: firma
2026-07-09 11:36:38,538 [INFO] 🟢 [cuantico] activo
2026-07-09 11:36:38,540 [INFO] Honeypot: 6 puertos señuelo activos (2222 principal)
2026-07-09 11:36:38,541 [INFO] Honeypot escuchando en puerto 2222
2026-07-09 11:36:38,541 [INFO] 🟢 [honeypot] activo
2026-07-09 11:36:38,544 [INFO] IA Core: 8 octantes activos
2026-07-09 11:36:38,545 [INFO] 🟢 [ia_core] activo
2026-07-09 11:36:38,545 [INFO] Cortex: estado=ok
2026-07-09 11:36:38,545 [INFO] 🟢 [cortex] activo
2026-07-09 11:36:38,545 [INFO] ProtocoloPaz: agente TQSC_Main listo
2026-07-09 11:36:38,545 [INFO]   Agentes conocidos: {'577b170cb4649e8e916de3dbd4a71993': <core.protocolo_paz.IdentidadAgente object at 0x0000028689047110>}
2026-07-09 11:36:38,545 [INFO] 🟢 [protocolo_paz] activo
2026-07-09 11:36:38,545 [INFO] Memoria: 1 recuerdos, 1 válidos
2026-07-09 11:36:38,545 [INFO] 🟢 [memoria] activo
2026-07-09 11:36:38,545 [INFO] ✅ TQSC listo. 9/9 núcleos activos.
2026-07-09 11:37:39,178 [INFO] SyscallMonitor: MODO TEST — sin hardware real
2026-07-09 11:37:39,178 [INFO] 🧬 OctaRCQ-X8: 18 subnúcleos listos
2026-07-09 11:37:39,179 [INFO] Agente TQSC_Main creado: id=e59c4c35...
2026-07-09 11:37:39,179 [INFO] Agente registrado: TQSC_Main
2026-07-09 11:37:39,179 [INFO] 🧠 TQSC v1.0 inicializado — 9 núcleos/módulos listos
2026-07-09 11:37:39,179 [INFO] 🚀 TQSC arrancando...
2026-07-09 11:37:39,180 [INFO] 🟢 [blockchain] activo
2026-07-09 11:37:40,554 [INFO] Entropía: 1.0
2026-07-09 11:37:40,554 [INFO] 🟢 [entropia] activo
2026-07-09 11:37:40,554 [INFO] SyscallMonitor: monitoreo simulado (test mode)
2026-07-09 11:37:40,554 [INFO] DefenseCore: syscall monitor activo
2026-07-09 11:37:41,387 [INFO] 🟢 [defensa_fisica] activo
2026-07-09 11:37:41,387 [WARNING] QuantumValidator: hash demasiado corto: 3 chars; campo faltante: firma
2026-07-09 11:37:41,387 [INFO] Quantum: Descartado: hash demasiado corto: 3 chars; campo faltante: firma
2026-07-09 11:37:41,388 [INFO] 🟢 [cuantico] activo
2026-07-09 11:37:41,389 [INFO] Honeypot: 6 puertos señuelo activos (2222 principal)
2026-07-09 11:37:41,390 [INFO] Honeypot escuchando en puerto 2222
2026-07-09 11:37:41,390 [INFO] 🟢 [honeypot] activo
2026-07-09 11:37:41,394 [INFO] IA Core: 8 octantes activos
2026-07-09 11:37:41,394 [INFO] 🟢 [ia_core] activo
2026-07-09 11:37:41,395 [INFO] Cortex: estado=ok
2026-07-09 11:37:41,395 [INFO] 🟢 [cortex] activo
2026-07-09 11:37:41,395 [INFO] ProtocoloPaz: agente TQSC_Main listo
2026-07-09 11:37:41,395 [INFO]   Agentes conocidos: {'e59c4c35f380f29137ea253847c32557': <core.protocolo_paz.IdentidadAgente object at 0x000001A4B7037410>}
2026-07-09 11:37:41,395 [INFO] 🟢 [protocolo_paz] activo
2026-07-09 11:37:41,395 [INFO] Memoria: 1 recuerdos, 1 válidos
2026-07-09 11:37:41,395 [INFO] 🟢 [memoria] activo
2026-07-09 11:37:41,395 [INFO] ✅ TQSC listo. 9/9 núcleos activos.
2026-07-09 11:37:42,396 [INFO] ⏹️ TQSC deteniéndose...
2026-07-09 11:37:42,396 [INFO] Honeypot detenido (0 sesiones capturadas)
2026-07-09 11:38:38,789 [INFO] SyscallMonitor: MODO TEST — sin hardware real
2026-07-09 11:38:38,789 [INFO] 🧬 OctaRCQ-X8: 18 subnúcleos listos
2026-07-09 11:38:38,789 [INFO] Agente TQSC_Main creado: id=f5080971...
2026-07-09 11:38:38,789 [INFO] Agente registrado: TQSC_Main
2026-07-09 11:38:38,790 [INFO] 🧠 TQSC v1.0 inicializado — 9 núcleos/módulos listos
2026-07-09 11:38:38,790 [INFO] 🚀 TQSC arrancando...
2026-07-09 11:38:38,790 [INFO] 🟢 [blockchain] activo
2026-07-09 11:38:38,792 [INFO] Entropía: 0.9971
2026-07-09 11:38:38,792 [INFO] 🟢 [entropia] activo
2026-07-09 11:38:38,792 [INFO] SyscallMonitor: monitoreo simulado (test mode)
2026-07-09 11:38:38,792 [INFO] DefenseCore: syscall monitor activo
2026-07-09 11:38:39,624 [INFO] 🟢 [defensa_fisica] activo
2026-07-09 11:38:39,624 [WARNING] QuantumValidator: hash demasiado corto: 3 chars; campo faltante: firma
2026-07-09 11:38:39,624 [INFO] Quantum: Descartado: hash demasiado corto: 3 chars; campo faltante: firma
2026-07-09 11:38:39,624 [INFO] 🟢 [cuantico] activo
2026-07-09 11:38:39,626 [INFO] Honeypot: 6 puertos señuelo activos (2222 principal)
2026-07-09 11:38:39,626 [INFO] Honeypot escuchando en puerto 2222
2026-07-09 11:38:39,626 [INFO] 🟢 [honeypot] activo
2026-07-09 11:38:39,630 [INFO] IA Core: 8 octantes activos
2026-07-09 11:38:39,630 [INFO] 🟢 [ia_core] activo
2026-07-09 11:38:39,630 [INFO] Cortex: estado=ok
2026-07-09 11:38:39,630 [INFO] 🟢 [cortex] activo
2026-07-09 11:38:39,630 [INFO] ProtocoloPaz: agente TQSC_Main listo
2026-07-09 11:38:39,630 [INFO]   Agentes conocidos: {'f50809711d119e81aa09e14c18709990': <core.protocolo_paz.IdentidadAgente object at 0x000001C5BA287850>}
2026-07-09 11:38:39,630 [INFO] 🟢 [protocolo_paz] activo
2026-07-09 11:38:39,631 [INFO] Memoria: 1 recuerdos, 1 válidos
2026-07-09 11:38:39,631 [INFO] 🟢 [memoria] activo
2026-07-09 11:38:39,631 [INFO] ✅ TQSC listo. 9/9 núcleos activos.
2026-07-09 11:38:40,632 [INFO] ⏹️ TQSC deteniéndose...
2026-07-09 11:38:40,632 [INFO] Honeypot detenido (0 sesiones capturadas)
2026-07-09 11:38:46,538 [INFO] SyscallMonitor: MODO TEST — sin hardware real
2026-07-09 11:38:46,538 [INFO] 🧬 OctaRCQ-X8: 18 subnúcleos listos
2026-07-09 11:38:46,538 [INFO] Agente TQSC_Main creado: id=9d62fdad...
2026-07-09 11:38:46,538 [INFO] Agente registrado: TQSC_Main
2026-07-09 11:38:46,538 [INFO] 🧠 TQSC v1.0 inicializado — 9 núcleos/módulos listos
2026-07-09 11:38:46,539 [INFO] 🚀 TQSC arrancando...
2026-07-09 11:38:46,539 [INFO] 🟢 [blockchain] activo
2026-07-09 11:38:46,541 [INFO] Entropía: 0.997
2026-07-09 11:38:46,541 [INFO] 🟢 [entropia] activo
2026-07-09 11:38:46,541 [INFO] SyscallMonitor: monitoreo simulado (test mode)
2026-07-09 11:38:46,541 [INFO] DefenseCore: syscall monitor activo
2026-07-09 11:38:47,387 [INFO] 🟢 [defensa_fisica] activo
2026-07-09 11:38:47,387 [WARNING] QuantumValidator: hash demasiado corto: 3 chars; campo faltante: firma
2026-07-09 11:38:47,387 [INFO] Quantum: Descartado: hash demasiado corto: 3 chars; campo faltante: firma
2026-07-09 11:38:47,387 [INFO] 🟢 [cuantico] activo
2026-07-09 11:38:47,389 [INFO] Honeypot: 6 puertos señuelo activos (2222 principal)
2026-07-09 11:38:47,389 [INFO] Honeypot escuchando en puerto 2222
2026-07-09 11:38:47,389 [INFO] 🟢 [honeypot] activo
2026-07-09 11:38:47,393 [INFO] IA Core: 8 octantes activos
2026-07-09 11:38:47,393 [INFO] 🟢 [ia_core] activo
2026-07-09 11:38:47,393 [INFO] Cortex: estado=ok
2026-07-09 11:38:47,393 [INFO] 🟢 [cortex] activo
2026-07-09 11:38:47,393 [INFO] ProtocoloPaz: agente TQSC_Main listo
2026-07-09 11:38:47,393 [INFO]   Agentes conocidos: {'9d62fdad20eb8374dd08a581d7e7edde': <core.protocolo_paz.IdentidadAgente object at 0x0000018530AB7690>}
2026-07-09 11:38:47,393 [INFO] 🟢 [protocolo_paz] activo
2026-07-09 11:38:47,394 [INFO] Memoria: 1 recuerdos, 1 válidos
2026-07-09 11:38:47,394 [INFO] 🟢 [memoria] activo
2026-07-09 11:38:47,394 [INFO] ✅ TQSC listo. 9/9 núcleos activos.
2026-07-09 11:38:48,395 [INFO] ⏹️ TQSC deteniéndose...
2026-07-09 11:38:48,395 [INFO] Honeypot detenido (0 sesiones capturadas)
2026-07-09 11:38:53,427 [INFO] SyscallMonitor: MODO TEST — sin hardware real
2026-07-09 11:38:53,427 [INFO] 🧬 OctaRCQ-X8: 18 subnúcleos listos
2026-07-09 11:38:53,428 [INFO] Agente TQSC_Main creado: id=66e0c01c...
2026-07-09 11:38:53,428 [INFO] Agente registrado: TQSC_Main
2026-07-09 11:38:53,428 [INFO] 🧠 TQSC v1.0 inicializado — 9 núcleos/módulos listos
2026-07-09 11:38:53,428 [INFO] 🚀 TQSC arrancando...
2026-07-09 11:38:53,429 [INFO] 🟢 [blockchain] activo
2026-07-09 11:38:53,430 [INFO] Entropía: 0.9972
2026-07-09 11:38:53,431 [INFO] 🟢 [entropia] activo
2026-07-09 11:38:53,431 [INFO] SyscallMonitor: monitoreo simulado (test mode)
2026-07-09 11:38:53,431 [INFO] DefenseCore: syscall monitor activo
2026-07-09 11:38:54,297 [INFO] 🟢 [defensa_fisica] activo
2026-07-09 11:38:54,298 [WARNING] QuantumValidator: hash demasiado corto: 3 chars; campo faltante: firma
2026-07-09 11:38:54,298 [INFO] Quantum: Descartado: hash demasiado corto: 3 chars; campo faltante: firma
2026-07-09 11:38:54,298 [INFO] 🟢 [cuantico] activo
2026-07-09 11:38:54,301 [INFO] Honeypot: 6 puertos señuelo activos (2222 principal)
2026-07-09 11:38:54,301 [INFO] Honeypot escuchando en puerto 2222
2026-07-09 11:38:54,301 [INFO] 🟢 [honeypot] activo
2026-07-09 11:38:54,305 [INFO] IA Core: 8 octantes activos
2026-07-09 11:38:54,305 [INFO] 🟢 [ia_core] activo
2026-07-09 11:38:54,305 [INFO] Cortex: estado=ok
2026-07-09 11:38:54,305 [INFO] 🟢 [cortex] activo
2026-07-09 11:38:54,305 [INFO] ProtocoloPaz: agente TQSC_Main listo
2026-07-09 11:38:54,305 [INFO]   Agentes conocidos: {'66e0c01c7371c73c3558b1878b0ec8f8': <core.protocolo_paz.IdentidadAgente object at 0x000001D093EB7910>}
2026-07-09 11:38:54,305 [INFO] 🟢 [protocolo_paz] activo
2026-07-09 11:38:54,306 [INFO] Memoria: 1 recuerdos, 1 válidos
2026-07-09 11:38:54,306 [INFO] 🟢 [memoria] activo
2026-07-09 11:38:54,306 [INFO] ✅ TQSC listo. 9/9 núcleos activos.
2026-07-09 11:39:36,387 [INFO] SyscallMonitor: MODO TEST — sin hardware real
2026-07-09 11:39:36,388 [INFO] 🧬 OctaRCQ-X8: 18 subnúcleos listos
2026-07-09 11:39:36,388 [INFO] Agente TQSC_Main creado: id=f9219af7...
2026-07-09 11:39:36,388 [INFO] Agente registrado: TQSC_Main
2026-07-09 11:39:36,388 [INFO] 🧠 TQSC v1.0 inicializado — 9 núcleos/módulos listos
2026-07-09 11:39:36,388 [INFO] 🚀 TQSC arrancando...
2026-07-09 11:39:36,389 [INFO] 🟢 [blockchain] activo
2026-07-09 11:39:36,391 [INFO] Entropía: 0.9972
2026-07-09 11:39:36,391 [INFO] 🟢 [entropia] activo
2026-07-09 11:39:36,391 [INFO] SyscallMonitor: monitoreo simulado (test mode)
2026-07-09 11:39:36,391 [INFO] DefenseCore: syscall monitor activo
2026-07-09 11:39:37,234 [INFO] 🟢 [defensa_fisica] activo
2026-07-09 11:39:37,234 [WARNING] QuantumValidator: hash demasiado corto: 3 chars; campo faltante: firma
2026-07-09 11:39:37,234 [INFO] Quantum: Descartado: hash demasiado corto: 3 chars; campo faltante: firma
2026-07-09 11:39:37,234 [INFO] 🟢 [cuantico] activo
2026-07-09 11:39:37,236 [INFO] Honeypot: 6 puertos señuelo activos (2222 principal)
2026-07-09 11:39:37,236 [INFO] Honeypot escuchando en puerto 2222
2026-07-09 11:39:37,236 [INFO] 🟢 [honeypot] activo
2026-07-09 11:39:37,241 [INFO] IA Core: 8 octantes activos
2026-07-09 11:39:37,241 [INFO] 🟢 [ia_core] activo
2026-07-09 11:39:37,241 [INFO] Cortex: estado=ok
2026-07-09 11:39:37,241 [INFO] 🟢 [cortex] activo
2026-07-09 11:39:37,241 [INFO] ProtocoloPaz: agente TQSC_Main listo
2026-07-09 11:39:37,241 [INFO]   Agentes conocidos: {'f9219af79933226289b5ff60a4a811cc': <core.protocolo_paz.IdentidadAgente object at 0x000001DA864E7850>}
2026-07-09 11:39:37,241 [INFO] 🟢 [protocolo_paz] activo
2026-07-09 11:39:37,241 [INFO] Memoria: 1 recuerdos, 1 válidos
2026-07-09 11:39:37,241 [INFO] 🟢 [memoria] activo
2026-07-09 11:39:37,241 [INFO] ✅ TQSC listo. 9/9 núcleos activos.
2026-07-09 11:39:38,242 [INFO] ⏹️ TQSC deteniéndose...
2026-07-09 11:39:38,242 [INFO] Honeypot detenido (0 sesiones capturadas)
2026-07-09 11:41:06,706 [INFO] SyscallMonitor: MODO TEST — sin hardware real
2026-07-09 11:41:06,706 [INFO] 🧬 OctaRCQ-X8: 18 subnúcleos listos
2026-07-09 11:41:06,707 [INFO] Agente TQSC_Main creado: id=943b1398...
2026-07-09 11:41:06,707 [INFO] 🧠 TQSC v1.0 inicializado — 9 núcleos/módulos listos
2026-07-09 11:41:06,707 [INFO] 🚀 TQSC arrancando...
2026-07-09 11:41:06,708 [INFO] 🟢 [blockchain] activo
2026-07-09 11:41:06,710 [INFO] Entropía: 0.9973
2026-07-09 11:41:06,710 [INFO] 🟢 [entropia] activo
2026-07-09 11:41:06,710 [INFO] SyscallMonitor: monitoreo simulado (test mode)
2026-07-09 11:41:06,710 [INFO] DefenseCore: syscall monitor activo
2026-07-09 11:41:07,572 [INFO] 🟢 [defensa_fisica] activo
2026-07-09 11:41:07,572 [WARNING] QuantumValidator: hash demasiado corto: 3 chars; campo faltante: firma
2026-07-09 11:41:07,572 [INFO] Quantum: Descartado: hash demasiado corto: 3 chars; campo faltante: firma
2026-07-09 11:41:07,572 [INFO] 🟢 [cuantico] activo
2026-07-09 11:41:07,574 [INFO] Honeypot: 6 puertos señuelo activos (2222 principal)
2026-07-09 11:41:07,574 [INFO] Honeypot escuchando en puerto 2222
2026-07-09 11:41:07,574 [INFO] 🟢 [honeypot] activo
2026-07-09 11:41:07,579 [INFO] IA Core: 8 octantes activos
2026-07-09 11:41:07,579 [INFO] 🟢 [ia_core] activo
2026-07-09 11:41:07,579 [INFO] Cortex: estado=ok
2026-07-09 11:41:07,579 [INFO] 🟢 [cortex] activo
2026-07-09 11:41:07,579 [INFO] ProtocoloPaz: agente TQSC_Main listo
2026-07-09 11:41:07,579 [INFO]   Agentes conocidos: {'943b13982cceb0d08c5cba05ae3f2223': <core.protocolo_paz.IdentidadAgente object at 0x00000197753F3CD0>}
2026-07-09 11:41:07,579 [INFO] 🟢 [protocolo_paz] activo
2026-07-09 11:41:07,580 [INFO] Memoria: 1 recuerdos, 1 válidos
2026-07-09 11:41:07,580 [INFO] 🟢 [memoria] activo
2026-07-09 11:41:07,580 [INFO] ✅ TQSC listo. 9/9 núcleos activos.
2026-07-09 11:41:08,581 [INFO] ⏹️ TQSC deteniéndose...
2026-07-09 11:41:08,581 [INFO] Honeypot detenido (0 sesiones capturadas)
2026-07-09 11:41:13,467 [INFO] SyscallMonitor: MODO TEST — sin hardware real
2026-07-09 11:41:13,467 [INFO] 🧬 OctaRCQ-X8: 18 subnúcleos listos
2026-07-09 11:41:13,467 [INFO] Agente TQSC_Main creado: id=291adee0...
2026-07-09 11:41:13,467 [INFO] 🧠 TQSC v1.0 inicializado — 9 núcleos/módulos listos
2026-07-09 11:41:13,467 [INFO] 🚀 TQSC arrancando...
2026-07-09 11:41:13,468 [INFO] 🟢 [blockchain] activo
2026-07-09 11:41:13,470 [INFO] Entropía: 0.9971
2026-07-09 11:41:13,470 [INFO] 🟢 [entropia] activo
2026-07-09 11:41:13,470 [INFO] SyscallMonitor: monitoreo simulado (test mode)
2026-07-09 11:41:13,470 [INFO] DefenseCore: syscall monitor activo
2026-07-09 11:41:14,352 [INFO] 🟢 [defensa_fisica] activo
2026-07-09 11:41:14,352 [WARNING] QuantumValidator: hash demasiado corto: 3 chars; campo faltante: firma
2026-07-09 11:41:14,353 [INFO] Quantum: Descartado: hash demasiado corto: 3 chars; campo faltante: firma
2026-07-09 11:41:14,353 [INFO] 🟢 [cuantico] activo
2026-07-09 11:41:14,355 [INFO] Honeypot: 6 puertos señuelo activos (2222 principal)
2026-07-09 11:41:14,355 [INFO] Honeypot escuchando en puerto 2222
2026-07-09 11:41:14,355 [INFO] 🟢 [honeypot] activo
2026-07-09 11:41:14,359 [INFO] IA Core: 8 octantes activos
2026-07-09 11:41:14,359 [INFO] 🟢 [ia_core] activo
2026-07-09 11:41:14,360 [INFO] Cortex: estado=ok
2026-07-09 11:41:14,360 [INFO] 🟢 [cortex] activo
2026-07-09 11:41:14,360 [INFO] ProtocoloPaz: agente TQSC_Main listo
2026-07-09 11:41:14,360 [INFO]   Agentes conocidos: {'291adee0223d7fad107a2c39c237d791': <core.protocolo_paz.IdentidadAgente object at 0x0000011A36373B50>}
2026-07-09 11:41:14,360 [INFO] 🟢 [protocolo_paz] activo
2026-07-09 11:41:14,360 [INFO] Memoria: 1 recuerdos, 1 válidos
2026-07-09 11:41:14,360 [INFO] 🟢 [memoria] activo
2026-07-09 11:41:14,360 [INFO] ✅ TQSC listo. 9/9 núcleos activos.
2026-07-09 11:41:15,361 [INFO] ⏹️ TQSC deteniéndose...
2026-07-09 11:41:15,361 [INFO] Honeypot detenido (0 sesiones capturadas)
2026-07-09 11:41:21,862 [INFO] SyscallMonitor: MODO TEST — sin hardware real
2026-07-09 11:41:21,863 [INFO] 🧬 OctaRCQ-X8: 18 subnúcleos listos
2026-07-09 11:41:21,863 [INFO] Agente TQSC_Main creado: id=ee28d6e2...
2026-07-09 11:41:21,863 [INFO] 🧠 TQSC v1.0 inicializado — 9 núcleos/módulos listos
2026-07-09 11:41:21,863 [INFO] 🚀 TQSC arrancando...
2026-07-09 11:41:21,864 [INFO] 🟢 [blockchain] activo
2026-07-09 11:41:21,866 [INFO] Entropía: 0.9971
2026-07-09 11:41:21,866 [INFO] 🟢 [entropia] activo
2026-07-09 11:41:21,866 [INFO] SyscallMonitor: monitoreo simulado (test mode)
2026-07-09 11:41:21,866 [INFO] DefenseCore: syscall monitor activo
2026-07-09 11:41:22,767 [INFO] 🟢 [defensa_fisica] activo
2026-07-09 11:41:22,767 [WARNING] QuantumValidator: hash demasiado corto: 3 chars; campo faltante: firma
2026-07-09 11:41:22,767 [INFO] Quantum: Descartado: hash demasiado corto: 3 chars; campo faltante: firma
2026-07-09 11:41:22,767 [INFO] 🟢 [cuantico] activo
2026-07-09 11:41:22,769 [INFO] Honeypot: 6 puertos señuelo activos (2222 principal)
2026-07-09 11:41:22,769 [INFO] Honeypot escuchando en puerto 2222
2026-07-09 11:41:22,769 [INFO] 🟢 [honeypot] activo
2026-07-09 11:41:22,774 [INFO] IA Core: 8 octantes activos
2026-07-09 11:41:22,774 [INFO] 🟢 [ia_core] activo
2026-07-09 11:41:22,774 [INFO] Cortex: estado=ok
2026-07-09 11:41:22,774 [INFO] 🟢 [cortex] activo
2026-07-09 11:41:22,774 [INFO] ProtocoloPaz: agente TQSC_Main listo
2026-07-09 11:41:22,774 [INFO]   Agentes conocidos: {'ee28d6e23d6f6ed11e442d8c785ddc7f': <core.protocolo_paz.IdentidadAgente object at 0x000001D089DF3B50>}
2026-07-09 11:41:22,774 [INFO] 🟢 [protocolo_paz] activo
2026-07-09 11:41:22,775 [INFO] Memoria: 1 recuerdos, 1 válidos
2026-07-09 11:41:22,775 [INFO] 🟢 [memoria] activo
2026-07-09 11:41:22,775 [INFO] ✅ TQSC listo. 9/9 núcleos activos.
2026-07-09 11:41:23,776 [INFO] ⏹️ TQSC deteniéndose...
2026-07-09 11:41:23,776 [INFO] Honeypot detenido (0 sesiones capturadas)
2026-07-09 11:41:28,649 [INFO] SyscallMonitor: MODO TEST — sin hardware real
2026-07-09 11:41:28,649 [INFO] 🧬 OctaRCQ-X8: 18 subnúcleos listos
2026-07-09 11:41:28,650 [INFO] Agente TQSC_Main creado: id=0a32848c...
2026-07-09 11:41:28,650 [INFO] 🧠 TQSC v1.0 inicializado — 9 núcleos/módulos listos
2026-07-09 11:41:28,650 [INFO] 🚀 TQSC arrancando...
2026-07-09 11:41:28,651 [INFO] 🟢 [blockchain] activo
2026-07-09 11:41:28,654 [INFO] Entropía: 0.9971
2026-07-09 11:41:28,654 [INFO] 🟢 [entropia] activo
2026-07-09 11:41:28,654 [INFO] SyscallMonitor: monitoreo simulado (test mode)
2026-07-09 11:41:28,654 [INFO] DefenseCore: syscall monitor activo
2026-07-09 11:41:29,551 [INFO] 🟢 [defensa_fisica] activo
2026-07-09 11:41:29,551 [WARNING] QuantumValidator: hash demasiado corto: 3 chars; campo faltante: firma
2026-07-09 11:41:29,551 [INFO] Quantum: Descartado: hash demasiado corto: 3 chars; campo faltante: firma
2026-07-09 11:41:29,551 [INFO] 🟢 [cuantico] activo
2026-07-09 11:41:29,553 [INFO] Honeypot: 6 puertos señuelo activos (2222 principal)
2026-07-09 11:41:29,553 [INFO] Honeypot escuchando en puerto 2222
2026-07-09 11:41:29,553 [INFO] 🟢 [honeypot] activo
2026-07-09 11:41:29,557 [INFO] IA Core: 8 octantes activos
2026-07-09 11:41:29,557 [INFO] 🟢 [ia_core] activo
2026-07-09 11:41:29,557 [INFO] Cortex: estado=ok
2026-07-09 11:41:29,557 [INFO] 🟢 [cortex] activo
2026-07-09 11:41:29,557 [INFO] ProtocoloPaz: agente TQSC_Main listo
2026-07-09 11:41:29,557 [INFO]   Agentes conocidos: {'0a32848c51a236a87533404ba133226e': <core.protocolo_paz.IdentidadAgente object at 0x000001D334653B50>}
2026-07-09 11:41:29,557 [INFO] 🟢 [protocolo_paz] activo
2026-07-09 11:41:29,557 [INFO] Memoria: 1 recuerdos, 1 válidos
2026-07-09 11:41:29,557 [INFO] 🟢 [memoria] activo
2026-07-09 11:41:29,557 [INFO] ✅ TQSC listo. 9/9 núcleos activos.
2026-07-09 11:41:30,559 [INFO] ⏹️ TQSC deteniéndose...
2026-07-09 11:41:30,559 [INFO] Honeypot detenido (0 sesiones capturadas)
2026-07-09 11:42:12,739 [INFO] SyscallMonitor: MODO TEST — sin hardware real
2026-07-09 11:42:12,739 [INFO] 🧬 OctaRCQ-X8: 18 subnúcleos listos
2026-07-09 11:42:12,739 [INFO] Agente TQSC_Main creado: id=b086247a...
2026-07-09 11:42:12,740 [INFO] 🧠 TQSC v1.0 inicializado — 9 núcleos/módulos listos
2026-07-09 11:42:12,740 [INFO] 🚀 TQSC arrancando...
2026-07-09 11:42:12,741 [INFO] 🟢 [blockchain] activo
2026-07-09 11:42:12,742 [INFO] Entropía: 0.997
2026-07-09 11:42:12,742 [INFO] 🟢 [entropia] activo
2026-07-09 11:42:12,742 [INFO] SyscallMonitor: monitoreo simulado (test mode)
2026-07-09 11:42:12,743 [INFO] DefenseCore: syscall monitor activo
2026-07-09 11:42:13,591 [INFO] 🟢 [defensa_fisica] activo
2026-07-09 11:42:13,591 [WARNING] QuantumValidator: hash demasiado corto: 3 chars; campo faltante: firma
2026-07-09 11:42:13,591 [INFO] Quantum: Descartado: hash demasiado corto: 3 chars; campo faltante: firma
2026-07-09 11:42:13,591 [INFO] 🟢 [cuantico] activo
2026-07-09 11:42:13,594 [INFO] Honeypot: 6 puertos señuelo activos (2222 principal)
2026-07-09 11:42:13,594 [INFO] Honeypot escuchando en puerto 2222
2026-07-09 11:42:13,594 [INFO] 🟢 [honeypot] activo
2026-07-09 11:42:13,598 [INFO] IA Core: 8 octantes activos
2026-07-09 11:42:13,598 [INFO] 🟢 [ia_core] activo
2026-07-09 11:42:13,598 [INFO] Cortex: estado=ok
2026-07-09 11:42:13,598 [INFO] 🟢 [cortex] activo
2026-07-09 11:42:13,598 [INFO] ProtocoloPaz: agente TQSC_Main listo
2026-07-09 11:42:13,598 [INFO]   Agentes conocidos: {'b086247a96591babcdeb5fc80a09ca18': <core.protocolo_paz.IdentidadAgente object at 0x00000140E3173C90>}
2026-07-09 11:42:13,598 [INFO] 🟢 [protocolo_paz] activo
2026-07-09 11:42:13,599 [INFO] Memoria: 1 recuerdos, 1 válidos
2026-07-09 11:42:13,599 [INFO] 🟢 [memoria] activo
2026-07-09 11:42:13,599 [INFO] ✅ TQSC listo. 9/9 núcleos activos.
2026-07-09 11:42:14,600 [INFO] ⏹️ TQSC deteniéndose...
2026-07-09 11:42:14,600 [INFO] Honeypot detenido (0 sesiones capturadas)
2026-07-09 11:58:29,857 [INFO] ServidorNodo Nodo_A escuchando en puerto 19648
2026-07-09 11:58:31,902 [WARNING] Nodo Nodo_B no disponible: [WinError 10061] No se puede establecer una conexión ya que el equipo de destino denegó expresamente dicha conexión
2026-07-09 11:58:37,785 [INFO] ServidorNodo Nodo_A escuchando en puerto 19750
2026-07-09 11:58:39,804 [WARNING] Nodo Nodo_B no disponible: [WinError 10061] No se puede establecer una conexión ya que el equipo de destino denegó expresamente dicha conexión
2026-07-09 11:58:47,333 [INFO] SyscallMonitor: MODO TEST — sin hardware real
2026-07-09 11:58:47,334 [INFO] KeyManager: clave maestra creada
2026-07-09 11:58:47,334 [INFO] 🧬 OctaRCQ-X8: 18 subnúcleos listos
2026-07-09 11:58:47,334 [INFO] Agente TQSC_Main creado: id=4d4b126f...
2026-07-09 11:58:47,335 [INFO] 🧠 TQSC v1.0 inicializado — 9 núcleos/módulos listos
2026-07-09 11:58:47,335 [INFO] 🚀 TQSC arrancando...
2026-07-09 11:58:47,335 [INFO] 🟢 [blockchain] activo
2026-07-09 11:58:47,338 [INFO] Entropía: 0.9971
2026-07-09 11:58:47,338 [INFO] 🟢 [entropia] activo
2026-07-09 11:58:47,338 [INFO] SyscallMonitor: monitoreo simulado (test mode)
2026-07-09 11:58:47,338 [INFO] DefenseCore: syscall monitor activo
2026-07-09 11:58:48,229 [INFO] 🟢 [defensa_fisica] activo
2026-07-09 11:58:48,230 [INFO] Quantum: Aceptado (confianza=0.85)
2026-07-09 11:58:48,230 [INFO] 🟢 [cuantico] activo
2026-07-09 11:58:48,231 [INFO] Honeypot: 6 puertos señuelo activos (2222 principal)
2026-07-09 11:58:48,231 [INFO] Honeypot escuchando en puerto 2222
2026-07-09 11:58:48,231 [INFO] 🟢 [honeypot] activo
2026-07-09 11:58:48,236 [INFO] IA Core: 8 octantes activos
2026-07-09 11:58:48,236 [INFO] 🟢 [ia_core] activo
2026-07-09 11:58:48,236 [INFO] Cortex: estado=ok
2026-07-09 11:58:48,236 [INFO] 🟢 [cortex] activo
2026-07-09 11:58:48,236 [INFO] ProtocoloPaz: agente TQSC_Main listo
2026-07-09 11:58:48,236 [INFO]   Agentes conocidos: {'4d4b126fb9fef060f0dfcf1d5aa75d23': <core.protocolo_paz.IdentidadAgente object at 0x000001F6A3EF7310>}
2026-07-09 11:58:48,236 [INFO] 🟢 [protocolo_paz] activo
2026-07-09 11:58:48,237 [INFO] Memoria: 1 recuerdos, 1 válidos
2026-07-09 11:58:48,237 [INFO] 🟢 [memoria] activo
2026-07-09 11:58:48,237 [INFO] ✅ TQSC listo. 9/9 núcleos activos.
2026-07-09 11:58:49,237 [INFO] ⏹️ TQSC deteniéndose...
2026-07-09 11:58:49,237 [INFO] Honeypot detenido (0 sesiones capturadas)
2026-07-09 11:59:16,356 [INFO] ServidorNodo Nodo_A escuchando en puerto 19813
2026-07-09 11:59:18,421 [WARNING] Nodo Nodo_B no disponible: [WinError 10061] No se puede establecer una conexión ya que el equipo de destino denegó expresamente dicha conexión
2026-07-09 11:59:51,890 [INFO] RedBlockchain: 2 nodos remotos
2026-07-09 11:59:51,892 [INFO] SyscallMonitor: MODO TEST — sin hardware real
2026-07-09 11:59:51,893 [INFO] 🧬 OctaRCQ-X8: 18 subnúcleos listos
2026-07-09 11:59:51,893 [INFO] Agente TQSC_Main creado: id=ab35d5ba...
2026-07-09 11:59:51,894 [INFO] 🧠 TQSC v1.0 inicializado — 9 núcleos/módulos listos
2026-07-09 11:59:51,894 [INFO] 🚀 TQSC arrancando...
2026-07-09 11:59:51,895 [INFO] 🟢 [blockchain] activo
2026-07-09 11:59:52,790 [INFO] Entropía: 0.9971
2026-07-09 11:59:52,790 [INFO] 🟢 [entropia] activo
2026-07-09 11:59:52,790 [INFO] SyscallMonitor: monitoreo simulado (test mode)
2026-07-09 11:59:52,790 [INFO] DefenseCore: syscall monitor activo
2026-07-09 12:00:01,150 [INFO] RedBlockchain: 2 nodos remotos
2026-07-09 12:00:01,153 [INFO] SyscallMonitor: MODO TEST — sin hardware real
2026-07-09 12:00:01,153 [INFO] 🧬 OctaRCQ-X8: 18 subnúcleos listos
2026-07-09 12:00:01,154 [INFO] Agente TQSC_Main creado: id=5f5eb204...
2026-07-09 12:00:01,154 [INFO] 🧠 TQSC v1.0 inicializado — 9 núcleos/módulos listos
2026-07-09 12:00:01,154 [INFO] 🚀 TQSC arrancando...
2026-07-09 12:00:01,155 [INFO] 🟢 [blockchain] activo
2026-07-09 12:00:02,128 [INFO] Entropía: 0.9971
2026-07-09 12:00:02,128 [INFO] 🟢 [entropia] activo
2026-07-09 12:00:02,128 [INFO] SyscallMonitor: monitoreo simulado (test mode)
2026-07-09 12:00:02,128 [INFO] DefenseCore: syscall monitor activo
2026-07-09 12:00:12,892 [INFO] RedBlockchain: 2 nodos remotos
2026-07-09 12:00:12,895 [INFO] SyscallMonitor: MODO TEST — sin hardware real
2026-07-09 12:00:12,896 [INFO] 🧬 OctaRCQ-X8: 18 subnúcleos listos
2026-07-09 12:00:12,896 [INFO] Agente TQSC_Main creado: id=65b88b28...
2026-07-09 12:00:12,896 [INFO] 🧠 TQSC v1.0 inicializado — 9 núcleos/módulos listos
2026-07-09 12:00:12,896 [INFO] 🚀 TQSC arrancando...
2026-07-09 12:00:12,898 [INFO] 🟢 [blockchain] activo
2026-07-09 12:00:14,118 [INFO] Entropía: 0.9972
2026-07-09 12:00:14,119 [INFO] 🟢 [entropia] activo
2026-07-09 12:00:14,119 [INFO] SyscallMonitor: monitoreo simulado (test mode)
2026-07-09 12:00:14,119 [INFO] DefenseCore: syscall monitor activo
2026-07-09 12:00:23,440 [INFO] RedBlockchain: 2 nodos remotos
2026-07-09 12:00:23,442 [INFO] SyscallMonitor: MODO TEST — sin hardware real
2026-07-09 12:00:23,442 [INFO] 🧬 OctaRCQ-X8: 18 subnúcleos listos
2026-07-09 12:00:23,442 [INFO] Agente TQSC_Main creado: id=407fa490...
2026-07-09 12:00:23,443 [INFO] 🧠 TQSC v1.0 inicializado — 9 núcleos/módulos listos
2026-07-09 12:00:23,443 [INFO] 🚀 TQSC arrancando...
2026-07-09 12:00:23,444 [INFO] 🟢 [blockchain] activo
2026-07-09 12:00:24,410 [INFO] Entropía: 0.9973
2026-07-09 12:00:24,410 [INFO] 🟢 [entropia] activo
2026-07-09 12:00:24,410 [INFO] SyscallMonitor: monitoreo simulado (test mode)
2026-07-09 12:00:24,410 [INFO] DefenseCore: syscall monitor activo
2026-07-09 12:00:26,632 [INFO] 🟢 [defensa_fisica] activo
2026-07-09 12:00:26,632 [INFO] Quantum: Aceptado (confianza=0.85)
2026-07-09 12:00:26,633 [INFO] 🟢 [cuantico] activo
2026-07-09 12:00:26,634 [INFO] Honeypot: 6 puertos señuelo activos (2222 principal)
2026-07-09 12:00:26,634 [INFO] Honeypot escuchando en puerto 2222
2026-07-09 12:00:26,634 [INFO] 🟢 [honeypot] activo
2026-07-09 12:00:26,637 [INFO] IA Core: 8 octantes activos
2026-07-09 12:00:26,637 [INFO] 🟢 [ia_core] activo
2026-07-09 12:00:26,637 [INFO] Cortex: estado=ok
2026-07-09 12:00:26,637 [INFO] 🟢 [cortex] activo
2026-07-09 12:00:26,639 [INFO] ProtocoloPaz: agente TQSC_Main listo
2026-07-09 12:00:26,639 [INFO]   Agentes conocidos: {'407fa4902e5d0891b6298779efb4552c': <core.protocolo_paz.IdentidadAgente object at 0x0000014FD83C52D0>}
2026-07-09 12:00:26,639 [INFO] 🟢 [protocolo_paz] activo
2026-07-09 12:00:26,639 [INFO] Memoria: 1 recuerdos, 1 válidos
2026-07-09 12:00:26,639 [INFO] 🟢 [memoria] activo
2026-07-09 12:00:26,639 [INFO] ✅ TQSC listo. 9/9 núcleos activos.
2026-07-09 12:00:27,639 [INFO] ⏹️ TQSC deteniéndose...
2026-07-09 12:00:27,639 [INFO] Honeypot detenido (0 sesiones capturadas)
2026-07-09 12:01:11,846 [INFO] SyscallMonitor: MODO TEST — sin hardware real
2026-07-09 12:01:11,846 [INFO] 🧬 OctaRCQ-X8: 18 subnúcleos listos
2026-07-09 12:01:11,846 [INFO] Agente TQSC_Main creado: id=6fbd7882...
2026-07-09 12:01:11,847 [INFO] 🧠 TQSC v1.0 inicializado — 9 núcleos/módulos listos
2026-07-09 12:01:11,847 [INFO] 🚀 TQSC arrancando...
2026-07-09 12:01:11,847 [INFO] 🟢 [blockchain] activo
2026-07-09 12:01:11,850 [INFO] Entropía: 0.9969
2026-07-09 12:01:11,850 [INFO] 🟢 [entropia] activo
2026-07-09 12:01:11,850 [INFO] SyscallMonitor: monitoreo simulado (test mode)
2026-07-09 12:01:11,850 [INFO] DefenseCore: syscall monitor activo
2026-07-09 12:01:12,746 [INFO] 🟢 [defensa_fisica] activo
2026-07-09 12:01:12,746 [INFO] Quantum: Aceptado (confianza=0.85)
2026-07-09 12:01:12,746 [INFO] 🟢 [cuantico] activo
2026-07-09 12:01:12,749 [INFO] Honeypot: 6 puertos señuelo activos (2222 principal)
2026-07-09 12:01:12,749 [INFO] Honeypot escuchando en puerto 2222
2026-07-09 12:01:12,749 [INFO] 🟢 [honeypot] activo
2026-07-09 12:01:12,752 [INFO] IA Core: 8 octantes activos
2026-07-09 12:01:12,752 [INFO] 🟢 [ia_core] activo
2026-07-09 12:01:12,752 [INFO] Cortex: estado=ok
2026-07-09 12:01:12,752 [INFO] 🟢 [cortex] activo
2026-07-09 12:01:12,752 [INFO] ProtocoloPaz: agente TQSC_Main listo
2026-07-09 12:01:12,752 [INFO]   Agentes conocidos: {'6fbd7882c73d49f9f0ebe299765b5381': <core.protocolo_paz.IdentidadAgente object at 0x000002089B4E75D0>}
2026-07-09 12:01:12,752 [INFO] 🟢 [protocolo_paz] activo
2026-07-09 12:01:12,752 [INFO] Memoria: 1 recuerdos, 1 válidos
2026-07-09 12:01:12,753 [INFO] 🟢 [memoria] activo
2026-07-09 12:01:12,753 [INFO] ✅ TQSC listo. 9/9 núcleos activos.
2026-07-09 12:01:13,754 [INFO] ⏹️ TQSC deteniéndose...
2026-07-09 12:01:13,754 [INFO] Honeypot detenido (0 sesiones capturadas)
2026-07-09 12:02:44,040 [INFO] RedBlockchain: 2 nodos remotos
2026-07-09 12:02:44,043 [INFO] SyscallMonitor: MODO TEST — sin hardware real
2026-07-09 12:02:44,045 [INFO] 🧬 OctaRCQ-X8: 18 subnúcleos listos
2026-07-09 12:02:44,045 [INFO] Agente TQSC_Main creado: id=47386b00...
2026-07-09 12:02:44,045 [INFO] 🧠 TQSC v1.0 inicializado — 9 núcleos/módulos listos
2026-07-09 12:02:44,045 [INFO] 🚀 TQSC arrancando...
2026-07-09 12:02:44,046 [INFO] 🟢 [blockchain] activo
2026-07-09 12:02:44,931 [INFO] Entropía: 0.9974
2026-07-09 12:02:44,931 [INFO] 🟢 [entropia] activo
2026-07-09 12:02:44,931 [INFO] SyscallMonitor: monitoreo simulado (test mode)
2026-07-09 12:02:44,931 [INFO] DefenseCore: syscall monitor activo
2026-07-09 12:02:53,076 [INFO] RedBlockchain: 2 nodos remotos
2026-07-09 12:02:53,079 [INFO] SyscallMonitor: MODO TEST — sin hardware real
2026-07-09 12:02:53,080 [INFO] 🧬 OctaRCQ-X8: 18 subnúcleos listos
2026-07-09 12:02:53,080 [INFO] Agente TQSC_Main creado: id=8841179b...
2026-07-09 12:02:53,081 [INFO] 🧠 TQSC v1.0 inicializado — 9 núcleos/módulos listos
2026-07-09 12:02:53,081 [INFO] 🚀 TQSC arrancando...
2026-07-09 12:02:53,081 [INFO] 🟢 [blockchain] activo
2026-07-09 12:02:53,952 [INFO] Entropía: 0.9973
2026-07-09 12:02:53,952 [INFO] 🟢 [entropia] activo
2026-07-09 12:02:53,952 [INFO] SyscallMonitor: monitoreo simulado (test mode)
2026-07-09 12:02:53,952 [INFO] DefenseCore: syscall monitor activo
2026-07-09 12:02:56,123 [INFO] 🟢 [defensa_fisica] activo
2026-07-09 12:02:56,123 [INFO] Quantum: Aceptado (confianza=0.85)
2026-07-09 12:02:56,123 [INFO] 🟢 [cuantico] activo
2026-07-09 12:02:56,124 [INFO] Honeypot: 6 puertos señuelo activos (2222 principal)
2026-07-09 12:02:56,124 [INFO] Honeypot escuchando en puerto 2222
2026-07-09 12:02:56,124 [INFO] 🟢 [honeypot] activo
2026-07-09 12:02:56,129 [INFO] IA Core: 8 octantes activos
2026-07-09 12:02:56,129 [INFO] 🟢 [ia_core] activo
2026-07-09 12:02:56,129 [INFO] Cortex: estado=ok
2026-07-09 12:02:56,129 [INFO] 🟢 [cortex] activo
2026-07-09 12:02:56,129 [INFO] ProtocoloPaz: agente TQSC_Main listo
2026-07-09 12:02:56,129 [INFO]   Agentes conocidos: {'8841179b2a19e0b87daa54227583e5bb': <core.protocolo_paz.IdentidadAgente object at 0x000002850C863D10>}
2026-07-09 12:02:56,129 [INFO] 🟢 [protocolo_paz] activo
2026-07-09 12:02:56,129 [INFO] Memoria: 1 recuerdos, 1 válidos
2026-07-09 12:02:56,129 [INFO] 🟢 [memoria] activo
2026-07-09 12:02:56,129 [INFO] ✅ TQSC listo. 9/9 núcleos activos.
2026-07-09 12:02:57,130 [INFO] ⏹️ TQSC deteniéndose...
2026-07-09 12:02:57,130 [INFO] Honeypot detenido (0 sesiones capturadas)
2026-07-09 12:03:21,292 [INFO] SyscallMonitor: MODO TEST — sin hardware real
2026-07-09 12:03:21,294 [INFO] 🧬 OctaRCQ-X8: 18 subnúcleos listos
2026-07-09 12:03:21,294 [INFO] Agente TQSC_Main creado: id=b2954063...
2026-07-09 12:03:21,294 [INFO] 🧠 TQSC v1.0 inicializado — 9 núcleos/módulos listos
2026-07-09 12:03:21,294 [INFO] 🚀 TQSC arrancando...
2026-07-09 12:03:21,295 [INFO] 🟢 [blockchain] activo
2026-07-09 12:03:21,297 [INFO] Entropía: 0.9971
2026-07-09 12:03:21,297 [INFO] 🟢 [entropia] activo
2026-07-09 12:03:21,297 [INFO] SyscallMonitor: monitoreo simulado (test mode)
2026-07-09 12:03:21,297 [INFO] DefenseCore: syscall monitor activo
2026-07-09 12:03:22,180 [INFO] 🟢 [defensa_fisica] activo
2026-07-09 12:03:22,181 [INFO] Quantum: Aceptado (confianza=0.85)
2026-07-09 12:03:22,181 [INFO] 🟢 [cuantico] activo
2026-07-09 12:03:22,183 [INFO] Honeypot: 6 puertos señuelo activos (2222 principal)
2026-07-09 12:03:22,183 [INFO] Honeypot escuchando en puerto 2222
2026-07-09 12:03:22,183 [INFO] 🟢 [honeypot] activo
2026-07-09 12:03:22,187 [INFO] IA Core: 8 octantes activos
2026-07-09 12:03:22,187 [INFO] 🟢 [ia_core] activo
2026-07-09 12:03:22,187 [INFO] Cortex: estado=ok
2026-07-09 12:03:22,187 [INFO] 🟢 [cortex] activo
2026-07-09 12:03:22,187 [INFO] ProtocoloPaz: agente TQSC_Main listo
2026-07-09 12:03:22,187 [INFO]   Agentes conocidos: {'b29540634cd4fec6115c9ec9824ed744': <core.protocolo_paz.IdentidadAgente object at 0x0000015F3F188450>}
2026-07-09 12:03:22,187 [INFO] 🟢 [protocolo_paz] activo
2026-07-09 12:03:22,187 [INFO] Memoria: 1 recuerdos, 1 válidos
2026-07-09 12:03:22,187 [INFO] 🟢 [memoria] activo
2026-07-09 12:03:22,187 [INFO] ✅ TQSC listo. 9/9 núcleos activos.
2026-07-09 12:03:23,188 [INFO] ⏹️ TQSC deteniéndose...
2026-07-09 12:03:23,188 [INFO] Honeypot detenido (0 sesiones capturadas)
2026-07-09 12:06:56,248 [INFO] SyscallMonitor: MODO TEST — sin hardware real
2026-07-09 12:06:56,251 [INFO] 🧬 OctaRCQ-X8: 18 subnúcleos listos
2026-07-09 12:06:56,251 [INFO] Agente TQSC_Main creado: id=2a7e83f4...
2026-07-09 12:06:56,251 [INFO] 🧠 TQSC v1.0 inicializado — 9 núcleos/módulos listos
2026-07-09 12:06:56,251 [INFO] 🚀 TQSC arrancando...
2026-07-09 12:06:56,252 [INFO] 🟢 [blockchain] activo
2026-07-09 12:06:56,254 [INFO] Entropía: 0.9972
2026-07-09 12:06:56,254 [INFO] 🟢 [entropia] activo
2026-07-09 12:06:56,254 [INFO] SyscallMonitor: monitoreo simulado (test mode)
2026-07-09 12:06:56,254 [INFO] DefenseCore: syscall monitor activo
2026-07-09 12:06:57,212 [INFO] 🟢 [defensa_fisica] activo
2026-07-09 12:06:57,212 [INFO] Quantum: Aceptado (confianza=0.85)
2026-07-09 12:06:57,212 [INFO] 🟢 [cuantico] activo
2026-07-09 12:06:57,214 [INFO] Honeypot: 6 puertos señuelo activos (2222 principal)
2026-07-09 12:06:57,214 [INFO] Honeypot escuchando en puerto 2222
2026-07-09 12:06:57,214 [INFO] 🟢 [honeypot] activo
2026-07-09 12:06:57,218 [INFO] IA Core: 8 octantes activos
2026-07-09 12:06:57,218 [INFO] 🟢 [ia_core] activo
2026-07-09 12:06:57,218 [INFO] Cortex: estado=ok
2026-07-09 12:06:57,218 [INFO] 🟢 [cortex] activo
2026-07-09 12:06:57,218 [INFO] ProtocoloPaz: agente TQSC_Main listo
2026-07-09 12:06:57,218 [INFO]   Agentes conocidos: {'2a7e83f489863f9f5ddb67cf90587631': <core.protocolo_paz.IdentidadAgente object at 0x000001FE94678450>}
2026-07-09 12:06:57,218 [INFO] 🟢 [protocolo_paz] activo
2026-07-09 12:06:57,218 [INFO] Memoria: 1 recuerdos, 1 válidos
2026-07-09 12:06:57,218 [INFO] 🟢 [memoria] activo
2026-07-09 12:06:57,218 [INFO] ✅ TQSC listo. 9/9 núcleos activos.
2026-07-09 12:06:58,225 [INFO] ⏹️ TQSC deteniéndose...
2026-07-09 12:06:58,225 [INFO] Honeypot detenido (0 sesiones capturadas)
2026-07-09 12:08:28,188 [INFO] RedBlockchain: 2 nodos remotos
2026-07-09 12:08:28,190 [INFO] SyscallMonitor: MODO TEST — sin hardware real
2026-07-09 12:08:28,191 [INFO] 🧬 OctaRCQ-X8: 18 subnúcleos listos
2026-07-09 12:08:28,192 [INFO] Agente TQSC_Main creado: id=60cdab75...
2026-07-09 12:08:28,192 [INFO] 🧠 TQSC v1.0 inicializado — 9 núcleos/módulos listos
2026-07-09 12:08:28,192 [INFO] 🚀 TQSC arrancando...
2026-07-09 12:08:28,193 [WARNING] Boot: primer arranque — generando huella
2026-07-09 12:08:28,201 [INFO] Boot: huella generada — 26 archivos
2026-07-09 12:08:28,202 [INFO] 🟢 [blockchain] activo
2026-07-09 12:08:29,088 [INFO] Entropía: 0.9972
2026-07-09 12:08:29,088 [INFO] 🟢 [entropia] activo
2026-07-09 12:08:29,088 [INFO] SyscallMonitor: monitoreo simulado (test mode)
2026-07-09 12:08:29,088 [INFO] DefenseCore: syscall monitor activo
2026-07-09 12:08:31,366 [INFO] 🟢 [defensa_fisica] activo
2026-07-09 12:08:31,367 [INFO] Quantum: Aceptado (confianza=0.85)
2026-07-09 12:08:31,367 [INFO] 🟢 [cuantico] activo
2026-07-09 12:08:31,368 [INFO] Honeypot: 6 puertos señuelo activos (2222 principal)
2026-07-09 12:08:31,368 [INFO] Honeypot escuchando en puerto 2222
2026-07-09 12:08:31,368 [INFO] 🟢 [honeypot] activo
2026-07-09 12:08:31,372 [INFO] IA Core: 8 octantes activos
2026-07-09 12:08:31,372 [INFO] 🟢 [ia_core] activo
2026-07-09 12:08:31,372 [INFO] Cortex: estado=ok
2026-07-09 12:08:31,372 [INFO] 🟢 [cortex] activo
2026-07-09 12:08:31,372 [INFO] ProtocoloPaz: agente TQSC_Main listo
2026-07-09 12:08:31,372 [INFO]   Agentes conocidos: {'60cdab750f55ba9aab75641d3632100a': <core.protocolo_paz.IdentidadAgente object at 0x00000122DC197050>}
2026-07-09 12:08:31,372 [INFO] 🟢 [protocolo_paz] activo
2026-07-09 12:08:31,372 [INFO] Memoria: 1 recuerdos, 1 válidos
2026-07-09 12:08:31,373 [INFO] 🟢 [memoria] activo
2026-07-09 12:08:31,373 [INFO] ✅ TQSC listo. 9/9 núcleos activos.
2026-07-09 12:08:32,374 [INFO] ⏹️ TQSC deteniéndose...
2026-07-09 12:08:32,374 [INFO] Honeypot detenido (0 sesiones capturadas)
2026-07-09 12:08:38,245 [INFO] RedBlockchain: 2 nodos remotos
2026-07-09 12:08:38,247 [INFO] SyscallMonitor: MODO TEST — sin hardware real
2026-07-09 12:08:38,248 [INFO] 🧬 OctaRCQ-X8: 18 subnúcleos listos
2026-07-09 12:08:38,248 [INFO] Agente TQSC_Main creado: id=3e4c7c90...
2026-07-09 12:08:38,249 [INFO] 🧠 TQSC v1.0 inicializado — 9 núcleos/módulos listos
2026-07-09 12:08:38,249 [INFO] 🚀 TQSC arrancando...
2026-07-09 12:08:38,252 [CRITICAL] Boot: ARCHIVO MODIFICADO: __init__.py
2026-07-09 12:08:38,253 [CRITICAL] Boot: ARCHIVO MODIFICADO: __init__.py
2026-07-09 12:08:38,253 [CRITICAL] Boot: ARCHIVO MODIFICADO: __init__.py
2026-07-09 12:08:38,254 [CRITICAL] Boot: ARCHIVO MODIFICADO: __init__.py
2026-07-09 12:08:38,254 [CRITICAL] Boot: ARCHIVO MODIFICADO: __init__.py
2026-07-09 12:08:38,255 [CRITICAL] Boot: ARCHIVO MODIFICADO: __init__.py
2026-07-09 12:08:38,255 [CRITICAL] Boot: ARCHIVO MODIFICADO: __init__.py
2026-07-09 12:08:38,256 [CRITICAL] Boot: ARCHIVO MODIFICADO: __init__.py
2026-07-09 12:08:38,256 [CRITICAL] Boot: ARCHIVO MODIFICADO: __init__.py
2026-07-09 12:08:38,256 [CRITICAL] Boot: ARCHIVO MODIFICADO: __init__.py
2026-07-09 12:08:38,257 [CRITICAL]   ⛔ [MODIFICADO] __init__.py
2026-07-09 12:08:38,257 [CRITICAL]   ⛔ [MODIFICADO] __init__.py
2026-07-09 12:08:38,257 [CRITICAL]   ⛔ [MODIFICADO] __init__.py
2026-07-09 12:08:38,257 [CRITICAL]   ⛔ [MODIFICADO] __init__.py
2026-07-09 12:08:38,257 [CRITICAL]   ⛔ [MODIFICADO] __init__.py
2026-07-09 12:08:38,257 [CRITICAL]   ⛔ [MODIFICADO] __init__.py
2026-07-09 12:08:38,257 [CRITICAL]   ⛔ [MODIFICADO] __init__.py
2026-07-09 12:08:38,257 [CRITICAL]   ⛔ [MODIFICADO] __init__.py
2026-07-09 12:08:38,257 [CRITICAL]   ⛔ [MODIFICADO] __init__.py
2026-07-09 12:08:38,257 [CRITICAL]   ⛔ [MODIFICADO] __init__.py
2026-07-09 12:08:38,257 [CRITICAL] Boot: INTEGRIDAD COMPROMETIDA — negando arranque
2026-07-09 12:08:38,257 [CRITICAL] 🔴 BOOT INTEGRITY FALLÓ — 10 archivos comprometidos
2026-07-09 12:08:38,257 [CRITICAL]   ⛔ [MODIFICADO] __init__.py
2026-07-09 12:08:38,257 [CRITICAL]   ⛔ [MODIFICADO] __init__.py
2026-07-09 12:08:38,257 [CRITICAL]   ⛔ [MODIFICADO] __init__.py
2026-07-09 12:08:38,258 [CRITICAL]   ⛔ [MODIFICADO] __init__.py
2026-07-09 12:08:38,258 [CRITICAL]   ⛔ [MODIFICADO] __init__.py
2026-07-09 12:08:38,258 [CRITICAL]   ⛔ [MODIFICADO] __init__.py
2026-07-09 12:08:38,258 [CRITICAL]   ⛔ [MODIFICADO] __init__.py
2026-07-09 12:08:38,258 [CRITICAL]   ⛔ [MODIFICADO] __init__.py
2026-07-09 12:08:38,258 [CRITICAL]   ⛔ [MODIFICADO] __init__.py
2026-07-09 12:08:38,258 [CRITICAL]   ⛔ [MODIFICADO] __init__.py
2026-07-09 12:08:44,799 [INFO] RedBlockchain: 2 nodos remotos
2026-07-09 12:08:44,801 [INFO] SyscallMonitor: MODO TEST — sin hardware real
2026-07-09 12:08:44,803 [INFO] 🧬 OctaRCQ-X8: 18 subnúcleos listos
2026-07-09 12:08:44,803 [INFO] Agente TQSC_Main creado: id=6f3f3ea5...
2026-07-09 12:08:44,804 [INFO] 🧠 TQSC v1.0 inicializado — 9 núcleos/módulos listos
2026-07-09 12:08:44,804 [INFO] 🚀 TQSC arrancando...
2026-07-09 12:08:44,807 [CRITICAL] Boot: ARCHIVO MODIFICADO: __init__.py
2026-07-09 12:08:44,809 [CRITICAL] Boot: ARCHIVO MODIFICADO: __init__.py
2026-07-09 12:08:44,809 [CRITICAL] Boot: ARCHIVO MODIFICADO: __init__.py
2026-07-09 12:08:44,809 [CRITICAL] Boot: ARCHIVO MODIFICADO: __init__.py
2026-07-09 12:08:44,810 [CRITICAL] Boot: ARCHIVO MODIFICADO: __init__.py
2026-07-09 12:08:44,811 [CRITICAL] Boot: ARCHIVO MODIFICADO: __init__.py
2026-07-09 12:08:44,811 [CRITICAL] Boot: ARCHIVO MODIFICADO: __init__.py
2026-07-09 12:08:44,811 [CRITICAL] Boot: ARCHIVO MODIFICADO: __init__.py
2026-07-09 12:08:44,811 [CRITICAL] Boot: ARCHIVO MODIFICADO: __init__.py
2026-07-09 12:08:44,812 [CRITICAL] Boot: ARCHIVO MODIFICADO: __init__.py
2026-07-09 12:08:44,812 [CRITICAL]   ⛔ [MODIFICADO] __init__.py
2026-07-09 12:08:44,812 [CRITICAL]   ⛔ [MODIFICADO] __init__.py
2026-07-09 12:08:44,812 [CRITICAL]   ⛔ [MODIFICADO] __init__.py
2026-07-09 12:08:44,812 [CRITICAL]   ⛔ [MODIFICADO] __init__.py
2026-07-09 12:08:44,812 [CRITICAL]   ⛔ [MODIFICADO] __init__.py
2026-07-09 12:08:44,813 [CRITICAL]   ⛔ [MODIFICADO] __init__.py
2026-07-09 12:08:44,813 [CRITICAL]   ⛔ [MODIFICADO] __init__.py
2026-07-09 12:08:44,813 [CRITICAL]   ⛔ [MODIFICADO] __init__.py
2026-07-09 12:08:44,813 [CRITICAL]   ⛔ [MODIFICADO] __init__.py
2026-07-09 12:08:44,813 [CRITICAL]   ⛔ [MODIFICADO] __init__.py
2026-07-09 12:08:44,813 [CRITICAL] Boot: INTEGRIDAD COMPROMETIDA — negando arranque
2026-07-09 12:08:44,813 [CRITICAL] 🔴 BOOT INTEGRITY FALLÓ — 10 archivos comprometidos
2026-07-09 12:08:44,813 [CRITICAL]   ⛔ [MODIFICADO] __init__.py
2026-07-09 12:08:44,813 [CRITICAL]   ⛔ [MODIFICADO] __init__.py
2026-07-09 12:08:44,813 [CRITICAL]   ⛔ [MODIFICADO] __init__.py
2026-07-09 12:08:44,813 [CRITICAL]   ⛔ [MODIFICADO] __init__.py
2026-07-09 12:08:44,813 [CRITICAL]   ⛔ [MODIFICADO] __init__.py
2026-07-09 12:08:44,813 [CRITICAL]   ⛔ [MODIFICADO] __init__.py
2026-07-09 12:08:44,813 [CRITICAL]   ⛔ [MODIFICADO] __init__.py
2026-07-09 12:08:44,813 [CRITICAL]   ⛔ [MODIFICADO] __init__.py
2026-07-09 12:08:44,813 [CRITICAL]   ⛔ [MODIFICADO] __init__.py
2026-07-09 12:08:44,813 [CRITICAL]   ⛔ [MODIFICADO] __init__.py
2026-07-09 12:09:02,243 [INFO] RedBlockchain: 2 nodos remotos
2026-07-09 12:09:02,246 [INFO] SyscallMonitor: MODO TEST — sin hardware real
2026-07-09 12:09:02,247 [INFO] 🧬 OctaRCQ-X8: 18 subnúcleos listos
2026-07-09 12:09:02,247 [INFO] Agente TQSC_Main creado: id=92c2c8a1...
2026-07-09 12:09:02,247 [INFO] 🧠 TQSC v1.0 inicializado — 9 núcleos/módulos listos
2026-07-09 12:09:02,247 [INFO] 🚀 TQSC arrancando...
2026-07-09 12:09:02,251 [CRITICAL] Boot: ARCHIVO MODIFICADO: __init__.py
2026-07-09 12:09:02,253 [CRITICAL] Boot: ARCHIVO MODIFICADO: __init__.py
2026-07-09 12:09:02,253 [CRITICAL] Boot: ARCHIVO MODIFICADO: __init__.py
2026-07-09 12:09:02,253 [CRITICAL] Boot: ARCHIVO MODIFICADO: __init__.py
2026-07-09 12:09:02,254 [CRITICAL] Boot: ARCHIVO MODIFICADO: __init__.py
2026-07-09 12:09:02,255 [CRITICAL] Boot: ARCHIVO MODIFICADO: __init__.py
2026-07-09 12:09:02,255 [CRITICAL] Boot: ARCHIVO MODIFICADO: __init__.py
2026-07-09 12:09:02,255 [CRITICAL] Boot: ARCHIVO MODIFICADO: __init__.py
2026-07-09 12:09:02,255 [CRITICAL] Boot: ARCHIVO MODIFICADO: __init__.py
2026-07-09 12:09:02,256 [CRITICAL] Boot: ARCHIVO MODIFICADO: __init__.py
2026-07-09 12:09:02,256 [CRITICAL]   ⛔ [MODIFICADO] __init__.py
2026-07-09 12:09:02,256 [CRITICAL]   ⛔ [MODIFICADO] __init__.py
2026-07-09 12:09:02,256 [CRITICAL]   ⛔ [MODIFICADO] __init__.py
2026-07-09 12:09:02,256 [CRITICAL]   ⛔ [MODIFICADO] __init__.py
2026-07-09 12:09:02,256 [CRITICAL]   ⛔ [MODIFICADO] __init__.py
2026-07-09 12:09:02,256 [CRITICAL]   ⛔ [MODIFICADO] __init__.py
2026-07-09 12:09:02,256 [CRITICAL]   ⛔ [MODIFICADO] __init__.py
2026-07-09 12:09:02,256 [CRITICAL]   ⛔ [MODIFICADO] __init__.py
2026-07-09 12:09:02,256 [CRITICAL]   ⛔ [MODIFICADO] __init__.py
2026-07-09 12:09:02,257 [CRITICAL]   ⛔ [MODIFICADO] __init__.py
2026-07-09 12:09:02,257 [CRITICAL] Boot: INTEGRIDAD COMPROMETIDA — negando arranque
2026-07-09 12:09:02,257 [CRITICAL] 🔴 BOOT INTEGRITY FALLÓ — 10 archivos comprometidos
2026-07-09 12:09:02,257 [CRITICAL]   ⛔ [MODIFICADO] __init__.py
2026-07-09 12:09:02,257 [CRITICAL]   ⛔ [MODIFICADO] __init__.py
2026-07-09 12:09:02,257 [CRITICAL]   ⛔ [MODIFICADO] __init__.py
2026-07-09 12:09:02,257 [CRITICAL]   ⛔ [MODIFICADO] __init__.py
2026-07-09 12:09:02,257 [CRITICAL]   ⛔ [MODIFICADO] __init__.py
2026-07-09 12:09:02,257 [CRITICAL]   ⛔ [MODIFICADO] __init__.py
2026-07-09 12:09:02,257 [CRITICAL]   ⛔ [MODIFICADO] __init__.py
2026-07-09 12:09:02,257 [CRITICAL]   ⛔ [MODIFICADO] __init__.py
2026-07-09 12:09:02,257 [CRITICAL]   ⛔ [MODIFICADO] __init__.py
2026-07-09 12:09:02,257 [CRITICAL]   ⛔ [MODIFICADO] __init__.py
2026-07-09 12:09:09,268 [INFO] RedBlockchain: 2 nodos remotos
2026-07-09 12:09:09,270 [INFO] SyscallMonitor: MODO TEST — sin hardware real
2026-07-09 12:09:09,271 [INFO] 🧬 OctaRCQ-X8: 18 subnúcleos listos
2026-07-09 12:09:09,272 [INFO] Agente TQSC_Main creado: id=78950e0c...
2026-07-09 12:09:09,272 [INFO] 🧠 TQSC v1.0 inicializado — 9 núcleos/módulos listos
2026-07-09 12:09:09,272 [INFO] 🚀 TQSC arrancando...
2026-07-09 12:09:09,275 [CRITICAL] Boot: ARCHIVO MODIFICADO: __init__.py
2026-07-09 12:09:09,277 [CRITICAL] Boot: ARCHIVO MODIFICADO: __init__.py
2026-07-09 12:09:09,277 [CRITICAL] Boot: ARCHIVO MODIFICADO: __init__.py
2026-07-09 12:09:09,278 [CRITICAL] Boot: ARCHIVO MODIFICADO: __init__.py
2026-07-09 12:09:09,278 [CRITICAL] Boot: ARCHIVO MODIFICADO: __init__.py
2026-07-09 12:09:09,279 [CRITICAL] Boot: ARCHIVO MODIFICADO: __init__.py
2026-07-09 12:09:09,279 [CRITICAL] Boot: ARCHIVO MODIFICADO: __init__.py
2026-07-09 12:09:09,279 [CRITICAL] Boot: ARCHIVO MODIFICADO: __init__.py
2026-07-09 12:09:09,280 [CRITICAL] Boot: ARCHIVO MODIFICADO: __init__.py
2026-07-09 12:09:09,280 [CRITICAL] Boot: ARCHIVO MODIFICADO: __init__.py
2026-07-09 12:09:09,280 [CRITICAL]   ⛔ [MODIFICADO] __init__.py
2026-07-09 12:09:09,280 [CRITICAL]   ⛔ [MODIFICADO] __init__.py
2026-07-09 12:09:09,280 [CRITICAL]   ⛔ [MODIFICADO] __init__.py
2026-07-09 12:09:09,281 [CRITICAL]   ⛔ [MODIFICADO] __init__.py
2026-07-09 12:09:09,281 [CRITICAL]   ⛔ [MODIFICADO] __init__.py
2026-07-09 12:09:09,281 [CRITICAL]   ⛔ [MODIFICADO] __init__.py
2026-07-09 12:09:09,281 [CRITICAL]   ⛔ [MODIFICADO] __init__.py
2026-07-09 12:09:09,281 [CRITICAL]   ⛔ [MODIFICADO] __init__.py
2026-07-09 12:09:09,281 [CRITICAL]   ⛔ [MODIFICADO] __init__.py
2026-07-09 12:09:09,281 [CRITICAL]   ⛔ [MODIFICADO] __init__.py
2026-07-09 12:09:09,281 [CRITICAL] Boot: INTEGRIDAD COMPROMETIDA — negando arranque
2026-07-09 12:09:09,281 [CRITICAL] 🔴 BOOT INTEGRITY FALLÓ — 10 archivos comprometidos
2026-07-09 12:09:09,281 [CRITICAL]   ⛔ [MODIFICADO] __init__.py
2026-07-09 12:09:09,281 [CRITICAL]   ⛔ [MODIFICADO] __init__.py
2026-07-09 12:09:09,281 [CRITICAL]   ⛔ [MODIFICADO] __init__.py
2026-07-09 12:09:09,281 [CRITICAL]   ⛔ [MODIFICADO] __init__.py
2026-07-09 12:09:09,281 [CRITICAL]   ⛔ [MODIFICADO] __init__.py
2026-07-09 12:09:09,281 [CRITICAL]   ⛔ [MODIFICADO] __init__.py
2026-07-09 12:09:09,281 [CRITICAL]   ⛔ [MODIFICADO] __init__.py
2026-07-09 12:09:09,281 [CRITICAL]   ⛔ [MODIFICADO] __init__.py
2026-07-09 12:09:09,281 [CRITICAL]   ⛔ [MODIFICADO] __init__.py
2026-07-09 12:09:09,281 [CRITICAL]   ⛔ [MODIFICADO] __init__.py
2026-07-09 12:09:15,982 [INFO] RedBlockchain: 2 nodos remotos
2026-07-09 12:09:15,985 [INFO] SyscallMonitor: MODO TEST — sin hardware real
2026-07-09 12:09:15,986 [INFO] 🧬 OctaRCQ-X8: 18 subnúcleos listos
2026-07-09 12:09:15,988 [INFO] Agente TQSC_Main creado: id=c365f805...
2026-07-09 12:09:15,988 [INFO] 🧠 TQSC v1.0 inicializado — 9 núcleos/módulos listos
2026-07-09 12:09:15,988 [INFO] 🚀 TQSC arrancando...
2026-07-09 12:09:15,992 [CRITICAL] Boot: ARCHIVO MODIFICADO: __init__.py
2026-07-09 12:09:15,993 [CRITICAL] Boot: ARCHIVO MODIFICADO: __init__.py
2026-07-09 12:09:15,993 [CRITICAL] Boot: ARCHIVO MODIFICADO: __init__.py
2026-07-09 12:09:15,994 [CRITICAL] Boot: ARCHIVO MODIFICADO: __init__.py
2026-07-09 12:09:15,994 [CRITICAL] Boot: ARCHIVO MODIFICADO: __init__.py
2026-07-09 12:09:15,995 [CRITICAL] Boot: ARCHIVO MODIFICADO: __init__.py
2026-07-09 12:09:15,996 [CRITICAL] Boot: ARCHIVO MODIFICADO: __init__.py
2026-07-09 12:09:15,996 [CRITICAL] Boot: ARCHIVO MODIFICADO: __init__.py
2026-07-09 12:09:15,996 [CRITICAL] Boot: ARCHIVO MODIFICADO: __init__.py
2026-07-09 12:09:15,996 [CRITICAL] Boot: ARCHIVO MODIFICADO: __init__.py
2026-07-09 12:09:15,997 [CRITICAL]   ⛔ [MODIFICADO] __init__.py
2026-07-09 12:09:15,997 [CRITICAL]   ⛔ [MODIFICADO] __init__.py
2026-07-09 12:09:15,997 [CRITICAL]   ⛔ [MODIFICADO] __init__.py
2026-07-09 12:09:15,997 [CRITICAL]   ⛔ [MODIFICADO] __init__.py
2026-07-09 12:09:15,997 [CRITICAL]   ⛔ [MODIFICADO] __init__.py
2026-07-09 12:09:15,997 [CRITICAL]   ⛔ [MODIFICADO] __init__.py
2026-07-09 12:09:15,997 [CRITICAL]   ⛔ [MODIFICADO] __init__.py
2026-07-09 12:09:15,997 [CRITICAL]   ⛔ [MODIFICADO] __init__.py
2026-07-09 12:09:15,997 [CRITICAL]   ⛔ [MODIFICADO] __init__.py
2026-07-09 12:09:15,997 [CRITICAL]   ⛔ [MODIFICADO] __init__.py
2026-07-09 12:09:15,998 [CRITICAL] Boot: INTEGRIDAD COMPROMETIDA — negando arranque
2026-07-09 12:09:15,998 [CRITICAL] 🔴 BOOT INTEGRITY FALLÓ — 10 archivos comprometidos
2026-07-09 12:09:15,998 [CRITICAL]   ⛔ [MODIFICADO] __init__.py
2026-07-09 12:09:15,998 [CRITICAL]   ⛔ [MODIFICADO] __init__.py
2026-07-09 12:09:15,998 [CRITICAL]   ⛔ [MODIFICADO] __init__.py
2026-07-09 12:09:15,998 [CRITICAL]   ⛔ [MODIFICADO] __init__.py
2026-07-09 12:09:15,998 [CRITICAL]   ⛔ [MODIFICADO] __init__.py
2026-07-09 12:09:15,998 [CRITICAL]   ⛔ [MODIFICADO] __init__.py
2026-07-09 12:09:15,998 [CRITICAL]   ⛔ [MODIFICADO] __init__.py
2026-07-09 12:09:15,998 [CRITICAL]   ⛔ [MODIFICADO] __init__.py
2026-07-09 12:09:15,998 [CRITICAL]   ⛔ [MODIFICADO] __init__.py
2026-07-09 12:09:15,998 [CRITICAL]   ⛔ [MODIFICADO] __init__.py
2026-07-09 12:09:21,141 [INFO] RedBlockchain: 2 nodos remotos
2026-07-09 12:09:21,143 [INFO] SyscallMonitor: MODO TEST — sin hardware real
2026-07-09 12:09:21,144 [INFO] 🧬 OctaRCQ-X8: 18 subnúcleos listos
2026-07-09 12:09:21,144 [INFO] Agente TQSC_Main creado: id=944e780a...
2026-07-09 12:09:21,145 [INFO] 🧠 TQSC v1.0 inicializado — 9 núcleos/módulos listos
2026-07-09 12:09:21,145 [INFO] 🚀 TQSC arrancando...
2026-07-09 12:09:21,148 [CRITICAL] Boot: ARCHIVO MODIFICADO: __init__.py
2026-07-09 12:09:21,149 [CRITICAL] Boot: ARCHIVO MODIFICADO: __init__.py
2026-07-09 12:09:21,149 [CRITICAL] Boot: ARCHIVO MODIFICADO: __init__.py
2026-07-09 12:09:21,150 [CRITICAL] Boot: ARCHIVO MODIFICADO: __init__.py
2026-07-09 12:09:21,150 [CRITICAL] Boot: ARCHIVO MODIFICADO: __init__.py
2026-07-09 12:09:21,151 [CRITICAL] Boot: ARCHIVO MODIFICADO: __init__.py
2026-07-09 12:09:21,152 [CRITICAL] Boot: ARCHIVO MODIFICADO: __init__.py
2026-07-09 12:09:21,152 [CRITICAL] Boot: ARCHIVO MODIFICADO: __init__.py
2026-07-09 12:09:21,152 [CRITICAL] Boot: ARCHIVO MODIFICADO: __init__.py
2026-07-09 12:09:21,152 [CRITICAL] Boot: ARCHIVO MODIFICADO: __init__.py
2026-07-09 12:09:21,153 [CRITICAL]   ⛔ [MODIFICADO] __init__.py
2026-07-09 12:09:21,153 [CRITICAL]   ⛔ [MODIFICADO] __init__.py
2026-07-09 12:09:21,153 [CRITICAL]   ⛔ [MODIFICADO] __init__.py
2026-07-09 12:09:21,153 [CRITICAL]   ⛔ [MODIFICADO] __init__.py
2026-07-09 12:09:21,153 [CRITICAL]   ⛔ [MODIFICADO] __init__.py
2026-07-09 12:09:21,153 [CRITICAL]   ⛔ [MODIFICADO] __init__.py
2026-07-09 12:09:21,153 [CRITICAL]   ⛔ [MODIFICADO] __init__.py
2026-07-09 12:09:21,153 [CRITICAL]   ⛔ [MODIFICADO] __init__.py
2026-07-09 12:09:21,153 [CRITICAL]   ⛔ [MODIFICADO] __init__.py
2026-07-09 12:09:21,153 [CRITICAL]   ⛔ [MODIFICADO] __init__.py
2026-07-09 12:09:21,153 [CRITICAL] Boot: INTEGRIDAD COMPROMETIDA — negando arranque
2026-07-09 12:09:21,153 [CRITICAL] 🔴 BOOT INTEGRITY FALLÓ — 10 archivos comprometidos
2026-07-09 12:09:21,153 [CRITICAL]   ⛔ [MODIFICADO] __init__.py
2026-07-09 12:09:21,153 [CRITICAL]   ⛔ [MODIFICADO] __init__.py
2026-07-09 12:09:21,154 [CRITICAL]   ⛔ [MODIFICADO] __init__.py
2026-07-09 12:09:21,154 [CRITICAL]   ⛔ [MODIFICADO] __init__.py
2026-07-09 12:09:21,154 [CRITICAL]   ⛔ [MODIFICADO] __init__.py
2026-07-09 12:09:21,154 [CRITICAL]   ⛔ [MODIFICADO] __init__.py
2026-07-09 12:09:21,154 [CRITICAL]   ⛔ [MODIFICADO] __init__.py
2026-07-09 12:09:21,154 [CRITICAL]   ⛔ [MODIFICADO] __init__.py
2026-07-09 12:09:21,154 [CRITICAL]   ⛔ [MODIFICADO] __init__.py
2026-07-09 12:09:21,154 [CRITICAL]   ⛔ [MODIFICADO] __init__.py
2026-07-09 12:10:55,695 [INFO] SyscallMonitor: MODO TEST — sin hardware real
2026-07-09 12:10:55,697 [INFO] 🧬 OctaRCQ-X8: 18 subnúcleos listos
2026-07-09 12:10:55,697 [INFO] Agente TQSC_Main creado: id=d2923181...
2026-07-09 12:10:55,698 [INFO] 🧠 TQSC v1.0 inicializado — 9 núcleos/módulos listos
2026-07-09 12:10:55,698 [INFO] 🚀 TQSC arrancando...
2026-07-09 12:10:55,698 [INFO] 🟢 [blockchain] activo
2026-07-09 12:10:55,700 [INFO] Entropía: 0.997
2026-07-09 12:10:55,700 [INFO] 🟢 [entropia] activo
2026-07-09 12:10:55,700 [INFO] SyscallMonitor: monitoreo simulado (test mode)
2026-07-09 12:10:55,701 [INFO] DefenseCore: syscall monitor activo
2026-07-09 12:10:56,601 [INFO] 🟢 [defensa_fisica] activo
2026-07-09 12:10:56,601 [INFO] Quantum: Aceptado (confianza=0.85)
2026-07-09 12:10:56,601 [INFO] 🟢 [cuantico] activo
2026-07-09 12:10:56,604 [INFO] Honeypot: 6 puertos señuelo activos (2222 principal)
2026-07-09 12:10:56,604 [INFO] Honeypot escuchando en puerto 2222
2026-07-09 12:10:56,604 [INFO] 🟢 [honeypot] activo
2026-07-09 12:10:56,608 [INFO] IA Core: 8 octantes activos
2026-07-09 12:10:56,608 [INFO] 🟢 [ia_core] activo
2026-07-09 12:10:56,608 [INFO] Cortex: estado=ok
2026-07-09 12:10:56,608 [INFO] 🟢 [cortex] activo
2026-07-09 12:10:56,608 [INFO] ProtocoloPaz: agente TQSC_Main listo
2026-07-09 12:10:56,608 [INFO]   Agentes conocidos: {'d2923181f3cdd345832534354bd3c646': <core.protocolo_paz.IdentidadAgente object at 0x000001ECE5DF5210>}
2026-07-09 12:10:56,608 [INFO] 🟢 [protocolo_paz] activo
2026-07-09 12:10:56,608 [INFO] Memoria: 1 recuerdos, 1 válidos
2026-07-09 12:10:56,608 [INFO] 🟢 [memoria] activo
2026-07-09 12:10:56,608 [INFO] ✅ TQSC listo. 9/9 núcleos activos.
2026-07-09 12:10:57,609 [INFO] ⏹️ TQSC deteniéndose...
2026-07-09 12:10:57,609 [INFO] Honeypot detenido (0 sesiones capturadas)
2026-07-09 12:11:06,215 [INFO] SyscallMonitor: MODO TEST — sin hardware real
2026-07-09 12:11:06,219 [INFO] 🧬 OctaRCQ-X8: 18 subnúcleos listos
2026-07-09 12:11:06,219 [INFO] Agente TQSC_Main creado: id=2cdc9304...
2026-07-09 12:11:06,219 [INFO] 🧠 TQSC v1.0 inicializado — 9 núcleos/módulos listos
2026-07-09 12:11:06,219 [INFO] 🚀 TQSC arrancando...
2026-07-09 12:11:06,220 [INFO] 🟢 [blockchain] activo
2026-07-09 12:11:06,222 [INFO] Entropía: 0.9973
2026-07-09 12:11:06,222 [INFO] 🟢 [entropia] activo
2026-07-09 12:11:06,222 [INFO] SyscallMonitor: monitoreo simulado (test mode)
2026-07-09 12:11:06,222 [INFO] DefenseCore: syscall monitor activo
2026-07-09 12:11:07,093 [INFO] 🟢 [defensa_fisica] activo
2026-07-09 12:11:07,093 [INFO] Quantum: Aceptado (confianza=0.85)
2026-07-09 12:11:07,093 [INFO] 🟢 [cuantico] activo
2026-07-09 12:11:07,095 [INFO] Honeypot: 6 puertos señuelo activos (2222 principal)
2026-07-09 12:11:07,095 [INFO] Honeypot escuchando en puerto 2222
2026-07-09 12:11:07,095 [INFO] 🟢 [honeypot] activo
2026-07-09 12:11:07,099 [INFO] IA Core: 8 octantes activos
2026-07-09 12:11:07,099 [INFO] 🟢 [ia_core] activo
2026-07-09 12:11:07,099 [INFO] Cortex: estado=ok
2026-07-09 12:11:07,099 [INFO] 🟢 [cortex] activo
2026-07-09 12:11:07,099 [INFO] ProtocoloPaz: agente TQSC_Main listo
2026-07-09 12:11:07,099 [INFO]   Agentes conocidos: {'2cdc930444afc25efbdf32f471c44194': <core.protocolo_paz.IdentidadAgente object at 0x000001F07E21F0D0>}
2026-07-09 12:11:07,099 [INFO] 🟢 [protocolo_paz] activo
2026-07-09 12:11:07,099 [INFO] Memoria: 1 recuerdos, 1 válidos
2026-07-09 12:11:07,099 [INFO] 🟢 [memoria] activo
2026-07-09 12:11:07,099 [INFO] ✅ TQSC listo. 9/9 núcleos activos.
2026-07-09 12:11:08,100 [INFO] ⏹️ TQSC deteniéndose...
2026-07-09 12:11:08,100 [INFO] Honeypot detenido (0 sesiones capturadas)
2026-07-09 12:11:48,322 [INFO] SyscallMonitor: MODO TEST — sin hardware real
2026-07-09 12:11:48,324 [INFO] 🧬 OctaRCQ-X8: 18 subnúcleos listos
2026-07-09 12:11:48,324 [INFO] Agente TQSC_Main creado: id=d69ac5a5...
2026-07-09 12:11:48,324 [INFO] 🧠 TQSC v1.0 inicializado — 9 núcleos/módulos listos
2026-07-09 12:11:48,324 [INFO] 🚀 TQSC arrancando...
2026-07-09 12:11:48,325 [INFO] 🟢 [blockchain] activo
2026-07-09 12:11:48,327 [INFO] Entropía: 0.997
2026-07-09 12:11:48,327 [INFO] 🟢 [entropia] activo
2026-07-09 12:11:48,327 [INFO] SyscallMonitor: monitoreo simulado (test mode)
2026-07-09 12:11:48,327 [INFO] DefenseCore: syscall monitor activo
2026-07-09 12:11:49,229 [INFO] 🟢 [defensa_fisica] activo
2026-07-09 12:11:49,229 [INFO] Quantum: Aceptado (confianza=0.85)
2026-07-09 12:11:49,229 [INFO] 🟢 [cuantico] activo
2026-07-09 12:11:49,233 [INFO] Honeypot: 6 puertos señuelo activos (2222 principal)
2026-07-09 12:11:49,233 [INFO] Honeypot escuchando en puerto 2222
2026-07-09 12:11:49,233 [INFO] 🟢 [honeypot] activo
2026-07-09 12:11:49,237 [INFO] IA Core: 8 octantes activos
2026-07-09 12:11:49,237 [INFO] 🟢 [ia_core] activo
2026-07-09 12:11:49,237 [INFO] Cortex: estado=ok
2026-07-09 12:11:49,237 [INFO] 🟢 [cortex] activo
2026-07-09 12:11:49,237 [INFO] ProtocoloPaz: agente TQSC_Main listo
2026-07-09 12:11:49,237 [INFO]   Agentes conocidos: {'d69ac5a53038e10d5273a5b45ea9fbd6': <core.protocolo_paz.IdentidadAgente object at 0x00000212A8EFEED0>}
2026-07-09 12:11:49,237 [INFO] 🟢 [protocolo_paz] activo
2026-07-09 12:11:49,237 [INFO] Memoria: 1 recuerdos, 1 válidos
2026-07-09 12:11:49,237 [INFO] 🟢 [memoria] activo
2026-07-09 12:11:49,237 [INFO] ✅ TQSC listo. 9/9 núcleos activos.
2026-07-09 12:11:50,238 [INFO] ⏹️ TQSC deteniéndose...
2026-07-09 12:11:50,238 [INFO] Honeypot detenido (0 sesiones capturadas)
2026-07-09 12:13:51,139 [INFO] SyscallMonitor: MODO TEST — sin hardware real
2026-07-09 12:13:51,140 [INFO] 🧬 OctaRCQ-X8: 18 subnúcleos listos
2026-07-09 12:13:51,141 [INFO] Agente TQSC_Main creado: id=bc0f14cb...
2026-07-09 12:13:51,141 [INFO] 🧠 TQSC v1.0 inicializado — 9 núcleos/módulos listos
2026-07-09 12:13:51,141 [INFO] 🚀 TQSC arrancando...
2026-07-09 12:13:51,142 [INFO] 🟢 [blockchain] activo
2026-07-09 12:13:51,144 [INFO] Entropía: 0.997
2026-07-09 12:13:51,144 [INFO] 🟢 [entropia] activo
2026-07-09 12:13:51,144 [INFO] SyscallMonitor: monitoreo simulado (test mode)
2026-07-09 12:13:51,144 [INFO] DefenseCore: syscall monitor activo
2026-07-09 12:13:51,982 [INFO] 🟢 [defensa_fisica] activo
2026-07-09 12:13:51,982 [INFO] Quantum: Aceptado (confianza=0.85)
2026-07-09 12:13:51,982 [INFO] 🟢 [cuantico] activo
2026-07-09 12:13:51,985 [INFO] Honeypot: 6 puertos señuelo activos (2222 principal)
2026-07-09 12:13:51,985 [INFO] Honeypot escuchando en puerto 2222
2026-07-09 12:13:51,985 [INFO] 🟢 [honeypot] activo
2026-07-09 12:13:51,989 [INFO] IA Core: 8 octantes activos
2026-07-09 12:13:51,989 [INFO] 🟢 [ia_core] activo
2026-07-09 12:13:51,989 [INFO] Cortex: estado=ok
2026-07-09 12:13:51,989 [INFO] 🟢 [cortex] activo
2026-07-09 12:13:51,990 [INFO] ProtocoloPaz: agente TQSC_Main listo
2026-07-09 12:13:51,990 [INFO]   Agentes conocidos: {'bc0f14cb980a650210261d9812dc0deb': <core.protocolo_paz.IdentidadAgente object at 0x00000282653CF150>}
2026-07-09 12:13:51,990 [INFO] 🟢 [protocolo_paz] activo
2026-07-09 12:13:51,990 [INFO] Memoria: 1 recuerdos, 1 válidos
2026-07-09 12:13:51,990 [INFO] 🟢 [memoria] activo
2026-07-09 12:13:51,990 [INFO] ✅ TQSC listo. 9/9 núcleos activos.
2026-07-09 12:13:52,990 [INFO] ⏹️ TQSC deteniéndose...
2026-07-09 12:13:52,990 [INFO] Honeypot detenido (0 sesiones capturadas)
2026-07-09 12:14:20,428 [INFO] SyscallMonitor: MODO TEST — sin hardware real
2026-07-09 12:14:20,430 [INFO] 🧬 OctaRCQ-X8: 18 subnúcleos listos
2026-07-09 12:14:20,430 [INFO] Agente TQSC_Main creado: id=8fca85e0...
2026-07-09 12:14:20,430 [INFO] 🧠 TQSC v1.0 inicializado — 9 núcleos/módulos listos
2026-07-09 12:14:20,430 [INFO] 🚀 TQSC arrancando...
2026-07-09 12:14:20,431 [INFO] 🟢 [blockchain] activo
2026-07-09 12:14:20,433 [INFO] Entropía: 0.9972
2026-07-09 12:14:20,433 [INFO] 🟢 [entropia] activo
2026-07-09 12:14:20,433 [INFO] SyscallMonitor: monitoreo simulado (test mode)
2026-07-09 12:14:20,433 [INFO] DefenseCore: syscall monitor activo
2026-07-09 12:14:21,297 [INFO] 🟢 [defensa_fisica] activo
2026-07-09 12:14:21,297 [INFO] Quantum: Aceptado (confianza=0.85)
2026-07-09 12:14:21,297 [INFO] 🟢 [cuantico] activo
2026-07-09 12:14:21,299 [INFO] Honeypot: 6 puertos señuelo activos (2222 principal)
2026-07-09 12:14:21,299 [INFO] Honeypot escuchando en puerto 2222
2026-07-09 12:14:21,299 [INFO] 🟢 [honeypot] activo
2026-07-09 12:14:21,303 [INFO] IA Core: 8 octantes activos
2026-07-09 12:14:21,303 [INFO] 🟢 [ia_core] activo
2026-07-09 12:14:21,303 [INFO] Cortex: estado=ok
2026-07-09 12:14:21,303 [INFO] 🟢 [cortex] activo
2026-07-09 12:14:21,303 [INFO] ProtocoloPaz: agente TQSC_Main listo
2026-07-09 12:14:21,303 [INFO]   Agentes conocidos: {'8fca85e0b71f3d8b40329d0a0bb065e9': <core.protocolo_paz.IdentidadAgente object at 0x0000028650CDEE90>}
2026-07-09 12:14:21,303 [INFO] 🟢 [protocolo_paz] activo
2026-07-09 12:14:21,303 [INFO] Memoria: 1 recuerdos, 1 válidos
2026-07-09 12:14:21,303 [INFO] 🟢 [memoria] activo
2026-07-09 12:14:21,303 [INFO] ✅ TQSC listo. 9/9 núcleos activos.
2026-07-09 12:14:22,304 [INFO] ⏹️ TQSC deteniéndose...
2026-07-09 12:14:22,304 [INFO] Honeypot detenido (0 sesiones capturadas)
2026-07-09 12:17:50,581 [INFO] SyscallMonitor: MODO TEST — sin hardware real
2026-07-09 12:17:50,583 [INFO] 🧬 OctaRCQ-X8: 18 subnúcleos listos
2026-07-09 12:17:50,583 [INFO] Agente TQSC_Main creado: id=7be35f66...
2026-07-09 12:17:50,583 [INFO] 🧠 TQSC v1.0 inicializado — 9 núcleos/módulos listos
2026-07-09 12:17:50,583 [INFO] 🚀 TQSC arrancando...
2026-07-09 12:17:50,585 [INFO] 🟢 [blockchain] activo
2026-07-09 12:17:50,587 [INFO] Entropía: 0.9971
2026-07-09 12:17:50,587 [INFO] 🟢 [entropia] activo
2026-07-09 12:17:50,587 [INFO] SyscallMonitor: monitoreo simulado (test mode)
2026-07-09 12:17:50,587 [INFO] DefenseCore: syscall monitor activo
2026-07-09 12:17:51,406 [INFO] 🟢 [defensa_fisica] activo
2026-07-09 12:17:51,406 [INFO] Quantum: Aceptado (confianza=0.85)
2026-07-09 12:17:51,406 [INFO] 🟢 [cuantico] activo
2026-07-09 12:17:51,409 [INFO] Honeypot: 6 puertos señuelo activos (2222 principal)
2026-07-09 12:17:51,409 [INFO] Honeypot escuchando en puerto 2222
2026-07-09 12:17:51,409 [INFO] 🟢 [honeypot] activo
2026-07-09 12:17:51,412 [INFO] IA Core: 8 octantes activos
2026-07-09 12:17:51,412 [INFO] 🟢 [ia_core] activo
2026-07-09 12:17:51,413 [INFO] Cortex: estado=ok
2026-07-09 12:17:51,413 [INFO] 🟢 [cortex] activo
2026-07-09 12:17:51,413 [INFO] ProtocoloPaz: agente TQSC_Main listo
2026-07-09 12:17:51,413 [INFO]   Agentes conocidos: {'7be35f66d11de0d296fc283d619d7b48': <core.protocolo_paz.IdentidadAgente object at 0x00000227176E3950>}
2026-07-09 12:17:51,413 [INFO] 🟢 [protocolo_paz] activo
2026-07-09 12:17:51,413 [INFO] Memoria: 1 recuerdos, 1 válidos
2026-07-09 12:17:51,413 [INFO] 🟢 [memoria] activo
2026-07-09 12:17:51,413 [INFO] ✅ TQSC listo. 9/9 núcleos activos.
2026-07-09 12:17:52,414 [INFO] ⏹️ TQSC deteniéndose...
2026-07-09 12:17:52,414 [INFO] Honeypot detenido (0 sesiones capturadas)
2026-07-09 12:21:38,722 [INFO] SyscallMonitor: MODO TEST — sin hardware real
2026-07-09 12:21:38,724 [INFO] 🧬 OctaRCQ-X8: 18 subnúcleos listos
2026-07-09 12:21:38,724 [INFO] Agente TQSC_Main creado: id=52471552...
2026-07-09 12:21:38,724 [INFO] 🧠 TQSC v1.0 inicializado — 9 núcleos/módulos listos
2026-07-09 12:21:38,724 [INFO] 🚀 TQSC arrancando...
2026-07-09 12:21:38,726 [INFO] 🟢 [blockchain] activo
2026-07-09 12:21:38,728 [INFO] Entropía: 0.9971
2026-07-09 12:21:38,728 [INFO] 🟢 [entropia] activo
2026-07-09 12:21:38,729 [INFO] SyscallMonitor: monitoreo simulado (test mode)
2026-07-09 12:21:38,729 [INFO] DefenseCore: syscall monitor activo
2026-07-09 12:21:39,585 [INFO] 🟢 [defensa_fisica] activo
2026-07-09 12:21:39,586 [INFO] Quantum: Aceptado (confianza=0.85)
2026-07-09 12:21:39,586 [INFO] 🟢 [cuantico] activo
2026-07-09 12:21:39,588 [INFO] Honeypot: 6 puertos señuelo activos (2222 principal)
2026-07-09 12:21:39,588 [INFO] Honeypot escuchando en puerto 2222
2026-07-09 12:21:39,588 [INFO] 🟢 [honeypot] activo
2026-07-09 12:21:39,592 [INFO] IA Core: 8 octantes activos
2026-07-09 12:21:39,592 [INFO] 🟢 [ia_core] activo
2026-07-09 12:21:39,592 [INFO] Cortex: estado=ok
2026-07-09 12:21:39,592 [INFO] 🟢 [cortex] activo
2026-07-09 12:21:39,592 [INFO] ProtocoloPaz: agente TQSC_Main listo
2026-07-09 12:21:39,592 [INFO]   Agentes conocidos: {'524715527dc9d9b45ebe6f974e13d159': <core.protocolo_paz.IdentidadAgente object at 0x000001E1C9962090>}
2026-07-09 12:21:39,592 [INFO] 🟢 [protocolo_paz] activo
2026-07-09 12:21:39,592 [INFO] Memoria: 1 recuerdos, 1 válidos
2026-07-09 12:21:39,593 [INFO] 🟢 [memoria] activo
2026-07-09 12:21:39,593 [INFO] ✅ TQSC listo. 9/9 núcleos activos.
2026-07-09 12:21:40,593 [INFO] ⏹️ TQSC deteniéndose...
2026-07-09 12:21:40,593 [INFO] Honeypot detenido (0 sesiones capturadas)
2026-07-09 12:38:07,130 [INFO] SyscallMonitor: MODO TEST — sin hardware real
2026-07-09 12:38:07,131 [INFO] 🧬 OctaRCQ-X8: 18 subnúcleos listos
2026-07-09 12:38:07,131 [INFO] Agente TQSC_Main creado: id=36923647...
2026-07-09 12:38:07,132 [INFO] 🧠 TQSC v1.0 inicializado — 9 núcleos/módulos listos
2026-07-09 12:38:07,132 [INFO] 🚀 TQSC arrancando...
2026-07-09 12:38:07,133 [INFO] 🟢 [blockchain] activo
2026-07-09 12:38:07,135 [INFO] Entropía: 0.9972
2026-07-09 12:38:07,135 [INFO] 🟢 [entropia] activo
2026-07-09 12:38:07,135 [INFO] SyscallMonitor: monitoreo simulado (test mode)
2026-07-09 12:38:07,136 [INFO] DefenseCore: syscall monitor activo
2026-07-09 12:38:08,007 [INFO] 🟢 [defensa_fisica] activo
2026-07-09 12:38:08,007 [INFO] Quantum: Aceptado (confianza=0.85)
2026-07-09 12:38:08,007 [INFO] 🟢 [cuantico] activo
2026-07-09 12:38:08,009 [INFO] Honeypot: 6 puertos señuelo activos (2222 principal)
2026-07-09 12:38:08,009 [INFO] Honeypot escuchando en puerto 2222
2026-07-09 12:38:08,009 [INFO] 🟢 [honeypot] activo
2026-07-09 12:38:08,013 [INFO] IA Core: 8 octantes activos
2026-07-09 12:38:08,013 [INFO] 🟢 [ia_core] activo
2026-07-09 12:38:08,013 [INFO] Cortex: estado=ok
2026-07-09 12:38:08,013 [INFO] 🟢 [cortex] activo
2026-07-09 12:38:08,013 [INFO] ProtocoloPaz: agente TQSC_Main listo
2026-07-09 12:38:08,013 [INFO]   Agentes conocidos: {'369236474cadc59b6f3808ad49d6787b': <core.protocolo_paz.IdentidadAgente object at 0x000001F423BEDBD0>}
2026-07-09 12:38:08,013 [INFO] 🟢 [protocolo_paz] activo
2026-07-09 12:38:08,014 [INFO] Memoria: 1 recuerdos, 1 válidos
2026-07-09 12:38:08,014 [INFO] 🟢 [memoria] activo
2026-07-09 12:38:08,014 [INFO] ✅ TQSC listo. 9/9 núcleos activos.
2026-07-09 12:38:09,014 [INFO] ⏹️ TQSC deteniéndose...
2026-07-09 12:38:09,014 [INFO] Honeypot detenido (0 sesiones capturadas)
2026-07-09 12:42:38,799 [INFO] SyscallMonitor: MODO TEST — sin hardware real
2026-07-09 12:42:38,800 [INFO] 🧬 OctaRCQ-X8: 18 subnúcleos listos
2026-07-09 12:42:38,800 [INFO] Agente TQSC_Main creado: id=f0d2ca54...
2026-07-09 12:42:38,800 [INFO] 🧠 TQSC v1.0 inicializado — 9 núcleos/módulos listos
2026-07-09 12:42:38,800 [INFO] 🚀 TQSC arrancando...
2026-07-09 12:42:38,802 [INFO] 🟢 [blockchain] activo
2026-07-09 12:42:38,805 [INFO] Entropía: 0.9969
2026-07-09 12:42:38,805 [INFO] 🟢 [entropia] activo
2026-07-09 12:42:38,805 [INFO] SyscallMonitor: monitoreo simulado (test mode)
2026-07-09 12:42:38,805 [INFO] DefenseCore: syscall monitor activo
2026-07-09 12:42:39,619 [INFO] 🟢 [defensa_fisica] activo
2026-07-09 12:42:39,619 [INFO] Quantum: Aceptado (confianza=0.85)
2026-07-09 12:42:39,619 [INFO] 🟢 [cuantico] activo
2026-07-09 12:42:39,621 [INFO] Honeypot: 6 puertos señuelo activos (2222 principal)
2026-07-09 12:42:39,621 [INFO] Honeypot escuchando en puerto 2222
2026-07-09 12:42:39,621 [INFO] 🟢 [honeypot] activo
2026-07-09 12:42:39,626 [INFO] IA Core: 8 octantes activos
2026-07-09 12:42:39,626 [INFO] 🟢 [ia_core] activo
2026-07-09 12:42:39,626 [INFO] Cortex: estado=ok
2026-07-09 12:42:39,626 [INFO] 🟢 [cortex] activo
2026-07-09 12:42:39,626 [INFO] ProtocoloPaz: agente TQSC_Main listo
2026-07-09 12:42:39,626 [INFO]   Agentes conocidos: {'f0d2ca54462d966a8bec1d907aa7258a': <core.protocolo_paz.IdentidadAgente object at 0x0000020C940BCA10>}
2026-07-09 12:42:39,626 [INFO] 🟢 [protocolo_paz] activo
2026-07-09 12:42:39,626 [INFO] Memoria: 1 recuerdos, 1 válidos
2026-07-09 12:42:39,627 [INFO] 🟢 [memoria] activo
2026-07-09 12:42:39,627 [INFO] ✅ TQSC listo. 9/9 núcleos activos.
2026-07-09 12:42:40,627 [INFO] ⏹️ TQSC deteniéndose...
2026-07-09 12:42:40,627 [INFO] Honeypot detenido (0 sesiones capturadas)
2026-07-09 12:43:21,655 [INFO] SyscallMonitor: MODO TEST — sin hardware real
2026-07-09 12:43:21,656 [INFO] 🧬 OctaRCQ-X8: 18 subnúcleos listos
2026-07-09 12:43:21,656 [INFO] Agente TQSC_Main creado: id=ee671a2b...
2026-07-09 12:43:21,657 [INFO] 🧠 TQSC v1.0 inicializado — 9 núcleos/módulos listos
2026-07-09 12:43:21,657 [INFO] 🚀 TQSC arrancando...
2026-07-09 12:43:21,658 [INFO] 🟢 [blockchain] activo
2026-07-09 12:43:21,661 [INFO] Entropía: 0.9973
2026-07-09 12:43:21,661 [INFO] 🟢 [entropia] activo
2026-07-09 12:43:21,661 [INFO] SyscallMonitor: monitoreo simulado (test mode)
2026-07-09 12:43:21,661 [INFO] DefenseCore: syscall monitor activo
2026-07-09 12:43:22,479 [INFO] 🟢 [defensa_fisica] activo
2026-07-09 12:43:22,479 [INFO] Quantum: Aceptado (confianza=0.85)
2026-07-09 12:43:22,479 [INFO] 🟢 [cuantico] activo
2026-07-09 12:43:22,481 [INFO] Honeypot: 6 puertos señuelo activos (2222 principal)
2026-07-09 12:43:22,482 [INFO] Honeypot escuchando en puerto 2222
2026-07-09 12:43:22,482 [INFO] 🟢 [honeypot] activo
2026-07-09 12:43:22,485 [INFO] IA Core: 8 octantes activos
2026-07-09 12:43:22,485 [INFO] 🟢 [ia_core] activo
2026-07-09 12:43:22,486 [INFO] Cortex: estado=ok
2026-07-09 12:43:22,486 [INFO] 🟢 [cortex] activo
2026-07-09 12:43:22,486 [INFO] ProtocoloPaz: agente TQSC_Main listo
2026-07-09 12:43:22,486 [INFO]   Agentes conocidos: {'ee671a2b741daabfdab5dd113ef70730': <core.protocolo_paz.IdentidadAgente object at 0x000001D7F2952A50>}
2026-07-09 12:43:22,486 [INFO] 🟢 [protocolo_paz] activo
2026-07-09 12:43:22,486 [INFO] Memoria: 1 recuerdos, 1 válidos
2026-07-09 12:43:22,486 [INFO] 🟢 [memoria] activo
2026-07-09 12:43:22,487 [INFO] ✅ TQSC listo. 9/9 núcleos activos.
2026-07-09 12:43:23,488 [INFO] ⏹️ TQSC deteniéndose...
2026-07-09 12:43:23,488 [INFO] Honeypot detenido (0 sesiones capturadas)
2026-07-09 12:51:11,336 [INFO] SyscallMonitor: MODO TEST — sin hardware real
2026-07-09 12:51:11,338 [INFO] 🧬 OctaRCQ-X8: 18 subnúcleos listos
2026-07-09 12:51:11,338 [INFO] Agente TQSC_Main creado: id=9557cf99...
2026-07-09 12:51:11,338 [INFO] 🧠 TQSC v1.0 inicializado — 9 núcleos/módulos listos
2026-07-09 12:51:11,338 [INFO] 🚀 TQSC arrancando...
2026-07-09 12:51:11,340 [INFO] 🟢 [blockchain] activo
2026-07-09 12:51:11,343 [INFO] Entropía: 0.9972
2026-07-09 12:51:11,343 [INFO] 🟢 [entropia] activo
2026-07-09 12:51:11,343 [INFO] SyscallMonitor: monitoreo simulado (test mode)
2026-07-09 12:51:11,343 [INFO] DefenseCore: syscall monitor activo
2026-07-09 12:51:12,183 [INFO] 🟢 [defensa_fisica] activo
2026-07-09 12:51:12,183 [INFO] Quantum: Aceptado (confianza=0.85)
2026-07-09 12:51:12,183 [INFO] 🟢 [cuantico] activo
2026-07-09 12:51:12,186 [INFO] Honeypot: 6 puertos señuelo activos (2222 principal)
2026-07-09 12:51:12,186 [INFO] Honeypot escuchando en puerto 2222
2026-07-09 12:51:12,186 [INFO] 🟢 [honeypot] activo
2026-07-09 12:51:12,189 [INFO] IA Core: 8 octantes activos
2026-07-09 12:51:12,189 [INFO] 🟢 [ia_core] activo
2026-07-09 12:51:12,189 [INFO] Cortex: estado=ok
2026-07-09 12:51:12,189 [INFO] 🟢 [cortex] activo
2026-07-09 12:51:12,189 [INFO] ProtocoloPaz: agente TQSC_Main listo
2026-07-09 12:51:12,189 [INFO]   Agentes conocidos: {'9557cf996a5c7e69b194642b4589bb0b': <core.protocolo_paz.IdentidadAgente object at 0x000001D4ED177990>}
2026-07-09 12:51:12,189 [INFO] 🟢 [protocolo_paz] activo
2026-07-09 12:51:12,190 [INFO] Memoria: 1 recuerdos, 1 válidos
2026-07-09 12:51:12,190 [INFO] 🟢 [memoria] activo
2026-07-09 12:51:12,190 [INFO] ✅ TQSC listo. 9/9 núcleos activos.
2026-07-09 12:51:13,191 [INFO] ⏹️ TQSC deteniéndose...
2026-07-09 12:51:13,191 [INFO] Honeypot detenido (0 sesiones capturadas)
2026-07-09 12:51:35,371 [INFO] SyscallMonitor: MODO TEST — sin hardware real
2026-07-09 12:51:35,373 [INFO] 🧬 OctaRCQ-X8: 18 subnúcleos listos
2026-07-09 12:51:35,373 [INFO] Agente TQSC_Main creado: id=1fbb4482...
2026-07-09 12:51:35,373 [INFO] 🧠 TQSC v1.0 inicializado — 9 núcleos/módulos listos
2026-07-09 12:51:35,374 [INFO] 🚀 TQSC arrancando...
2026-07-09 12:51:35,375 [INFO] 🟢 [blockchain] activo
2026-07-09 12:51:35,377 [INFO] Entropía: 0.9971
2026-07-09 12:51:35,377 [INFO] 🟢 [entropia] activo
2026-07-09 12:51:35,377 [INFO] SyscallMonitor: monitoreo simulado (test mode)
2026-07-09 12:51:35,377 [INFO] DefenseCore: syscall monitor activo
2026-07-09 12:51:36,261 [INFO] 🟢 [defensa_fisica] activo
2026-07-09 12:51:36,261 [INFO] Quantum: Aceptado (confianza=0.85)
2026-07-09 12:51:36,261 [INFO] 🟢 [cuantico] activo
2026-07-09 12:51:36,263 [INFO] Honeypot: 6 puertos señuelo activos (2222 principal)
2026-07-09 12:51:36,263 [INFO] Honeypot escuchando en puerto 2222
2026-07-09 12:51:36,263 [INFO] 🟢 [honeypot] activo
2026-07-09 12:51:36,267 [INFO] IA Core: 8 octantes activos
2026-07-09 12:51:36,267 [INFO] 🟢 [ia_core] activo
2026-07-09 12:51:36,267 [INFO] Cortex: estado=ok
2026-07-09 12:51:36,267 [INFO] 🟢 [cortex] activo
2026-07-09 12:51:36,267 [INFO] ProtocoloPaz: agente TQSC_Main listo
2026-07-09 12:51:36,267 [INFO]   Agentes conocidos: {'1fbb4482c419652aed5278c25faf3dc3': <core.protocolo_paz.IdentidadAgente object at 0x000002DF745E76D0>}
2026-07-09 12:51:36,267 [INFO] 🟢 [protocolo_paz] activo
2026-07-09 12:51:36,268 [INFO] Memoria: 1 recuerdos, 1 válidos
2026-07-09 12:51:36,268 [INFO] 🟢 [memoria] activo
2026-07-09 12:51:36,268 [INFO] ✅ TQSC listo. 9/9 núcleos activos.
2026-07-09 12:51:37,269 [INFO] ⏹️ TQSC deteniéndose...
2026-07-09 12:51:37,269 [INFO] Honeypot detenido (0 sesiones capturadas)
2026-07-09 12:54:54,671 [INFO] SyscallMonitor: MODO TEST — sin hardware real
2026-07-09 12:54:54,673 [INFO] 🧬 OctaRCQ-X8: 18 subnúcleos listos
2026-07-09 12:54:54,673 [INFO] Agente TQSC_Main creado: id=af4077fb...
2026-07-09 12:54:54,673 [INFO] 🧠 TQSC v1.0 inicializado — 9 núcleos/módulos listos
2026-07-09 12:54:54,673 [INFO] 🚀 TQSC arrancando...
2026-07-09 12:54:54,675 [INFO] 🟢 [blockchain] activo
2026-07-09 12:54:54,677 [INFO] Entropía: 0.9971
2026-07-09 12:54:54,677 [INFO] 🟢 [entropia] activo
2026-07-09 12:54:54,677 [INFO] SyscallMonitor: monitoreo simulado (test mode)
2026-07-09 12:54:54,677 [INFO] DefenseCore: syscall monitor activo
2026-07-09 12:54:55,588 [INFO] 🟢 [defensa_fisica] activo
2026-07-09 12:54:55,588 [INFO] Quantum: Aceptado (confianza=0.85)
2026-07-09 12:54:55,588 [INFO] 🟢 [cuantico] activo
2026-07-09 12:54:55,590 [INFO] Honeypot: 6 puertos señuelo activos (2222 principal)
2026-07-09 12:54:55,590 [INFO] Honeypot escuchando en puerto 2222
2026-07-09 12:54:55,590 [INFO] 🟢 [honeypot] activo
2026-07-09 12:54:55,594 [INFO] IA Core: 8 octantes activos
2026-07-09 12:54:55,594 [INFO] 🟢 [ia_core] activo
2026-07-09 12:54:55,594 [INFO] Cortex: estado=ok
2026-07-09 12:54:55,594 [INFO] 🟢 [cortex] activo
2026-07-09 12:54:55,594 [INFO] ProtocoloPaz: agente TQSC_Main listo
2026-07-09 12:54:55,594 [INFO]   Agentes conocidos: {'af4077fb3326500e1a60e313d72f781c': <core.protocolo_paz.IdentidadAgente object at 0x0000017D18EEBC90>}
2026-07-09 12:54:55,594 [INFO] 🟢 [protocolo_paz] activo
2026-07-09 12:54:55,595 [INFO] Memoria: 1 recuerdos, 1 válidos
2026-07-09 12:54:55,595 [INFO] 🟢 [memoria] activo
2026-07-09 12:54:55,595 [INFO] ✅ TQSC listo. 9/9 núcleos activos.
2026-07-09 12:54:56,596 [INFO] ⏹️ TQSC deteniéndose...
2026-07-09 12:54:56,596 [INFO] Honeypot detenido (0 sesiones capturadas)
2026-07-09 12:56:17,387 [INFO] SyscallMonitor: MODO TEST — sin hardware real
2026-07-09 12:56:17,389 [INFO] 🧬 OctaRCQ-X8: 18 subnúcleos listos
2026-07-09 12:56:17,389 [INFO] Agente TQSC_Main creado: id=da483a5f...
2026-07-09 12:56:17,389 [INFO] 🧠 TQSC v1.0 inicializado — 9 núcleos/módulos listos
2026-07-09 12:56:17,389 [INFO] 🚀 TQSC arrancando...
2026-07-09 12:56:17,391 [INFO] 🟢 [blockchain] activo
2026-07-09 12:56:17,393 [INFO] Entropía: 0.9972
2026-07-09 12:56:17,393 [INFO] 🟢 [entropia] activo
2026-07-09 12:56:17,393 [INFO] SyscallMonitor: monitoreo simulado (test mode)
2026-07-09 12:56:17,393 [INFO] DefenseCore: syscall monitor activo
2026-07-09 12:56:18,250 [INFO] 🟢 [defensa_fisica] activo
2026-07-09 12:56:18,250 [INFO] Quantum: Aceptado (confianza=0.85)
2026-07-09 12:56:18,250 [INFO] 🟢 [cuantico] activo
2026-07-09 12:56:18,252 [INFO] Honeypot: 6 puertos señuelo activos (2222 principal)
2026-07-09 12:56:18,252 [INFO] Honeypot escuchando en puerto 2222
2026-07-09 12:56:18,252 [INFO] 🟢 [honeypot] activo
2026-07-09 12:56:18,257 [INFO] IA Core: 8 octantes activos
2026-07-09 12:56:18,257 [INFO] 🟢 [ia_core] activo
2026-07-09 12:56:18,257 [INFO] Cortex: estado=ok
2026-07-09 12:56:18,257 [INFO] 🟢 [cortex] activo
2026-07-09 12:56:18,257 [INFO] ProtocoloPaz: agente TQSC_Main listo
2026-07-09 12:56:18,257 [INFO]   Agentes conocidos: {'da483a5fc4b10fb0518a82a301106709': <core.protocolo_paz.IdentidadAgente object at 0x0000019572C6BD90>}
2026-07-09 12:56:18,257 [INFO] 🟢 [protocolo_paz] activo
2026-07-09 12:56:18,258 [INFO] Memoria: 1 recuerdos, 1 válidos
2026-07-09 12:56:18,258 [INFO] 🟢 [memoria] activo
2026-07-09 12:56:18,258 [INFO] ✅ TQSC listo. 9/9 núcleos activos.
2026-07-09 12:56:19,259 [INFO] ⏹️ TQSC deteniéndose...
2026-07-09 12:56:19,259 [INFO] Honeypot detenido (0 sesiones capturadas)
2026-07-09 13:07:32,260 [INFO] SyscallMonitor: MODO TEST — sin hardware real
2026-07-09 13:07:32,261 [INFO] 🧬 OctaRCQ-X8: 18 subnúcleos listos
2026-07-09 13:07:32,261 [INFO] Agente TQSC_Main creado: id=62fea837...
2026-07-09 13:07:32,261 [INFO] 🧠 TQSC v1.0 inicializado — 9 núcleos/módulos listos
2026-07-09 13:07:32,261 [INFO] 🚀 TQSC arrancando...
2026-07-09 13:07:32,264 [INFO] 🟢 [blockchain] activo
2026-07-09 13:07:32,266 [INFO] Entropía: 0.9971
2026-07-09 13:07:32,266 [INFO] 🟢 [entropia] activo
2026-07-09 13:07:32,266 [INFO] SyscallMonitor: monitoreo simulado (test mode)
2026-07-09 13:07:32,266 [INFO] DefenseCore: syscall monitor activo
2026-07-09 13:07:33,123 [INFO] 🟢 [defensa_fisica] activo
2026-07-09 13:07:33,123 [INFO] Quantum: Aceptado (confianza=0.85)
2026-07-09 13:07:33,123 [INFO] 🟢 [cuantico] activo
2026-07-09 13:07:33,125 [INFO] Honeypot: 6 puertos señuelo activos (2222 principal)
2026-07-09 13:07:33,126 [INFO] Honeypot escuchando en puerto 2222
2026-07-09 13:07:33,126 [INFO] 🟢 [honeypot] activo
2026-07-09 13:07:33,130 [INFO] IA Core: 8 octantes activos
2026-07-09 13:07:33,130 [INFO] 🟢 [ia_core] activo
2026-07-09 13:07:33,130 [INFO] Cortex: estado=ok
2026-07-09 13:07:33,130 [INFO] 🟢 [cortex] activo
2026-07-09 13:07:33,130 [INFO] ProtocoloPaz: agente TQSC_Main listo
2026-07-09 13:07:33,130 [INFO]   Agentes conocidos: {'62fea837ac7a9219f66a5307c4164df8': <core.protocolo_paz.IdentidadAgente object at 0x000001DE543ABF10>}
2026-07-09 13:07:33,130 [INFO] 🟢 [protocolo_paz] activo
2026-07-09 13:07:33,130 [INFO] Memoria: 1 recuerdos, 1 válidos
2026-07-09 13:07:33,131 [INFO] 🟢 [memoria] activo
2026-07-09 13:07:33,131 [INFO] ✅ TQSC listo. 9/9 núcleos activos.
2026-07-09 13:07:34,133 [INFO] ⏹️ TQSC deteniéndose...
2026-07-09 13:07:34,133 [INFO] Honeypot detenido (0 sesiones capturadas)
2026-07-09 13:07:59,812 [INFO] SyscallMonitor: MODO TEST — sin hardware real
2026-07-09 13:07:59,814 [INFO] 🧬 OctaRCQ-X8: 18 subnúcleos listos
2026-07-09 13:07:59,814 [INFO] Agente TQSC_Main creado: id=0d4e33f1...
2026-07-09 13:07:59,814 [INFO] 🧠 TQSC v1.0 inicializado — 9 núcleos/módulos listos
2026-07-09 13:07:59,814 [INFO] 🚀 TQSC arrancando...
2026-07-09 13:07:59,816 [INFO] 🟢 [blockchain] activo
2026-07-09 13:07:59,818 [INFO] Entropía: 0.997
2026-07-09 13:07:59,818 [INFO] 🟢 [entropia] activo
2026-07-09 13:07:59,818 [INFO] SyscallMonitor: monitoreo simulado (test mode)
2026-07-09 13:07:59,818 [INFO] DefenseCore: syscall monitor activo
2026-07-09 13:08:00,674 [INFO] 🟢 [defensa_fisica] activo
2026-07-09 13:08:00,674 [INFO] Quantum: Aceptado (confianza=0.85)
2026-07-09 13:08:00,674 [INFO] 🟢 [cuantico] activo
2026-07-09 13:08:00,676 [INFO] Honeypot: 6 puertos señuelo activos (2222 principal)
2026-07-09 13:08:00,676 [INFO] Honeypot escuchando en puerto 2222
2026-07-09 13:08:00,676 [INFO] 🟢 [honeypot] activo
2026-07-09 13:08:00,680 [INFO] IA Core: 8 octantes activos
2026-07-09 13:08:00,680 [INFO] 🟢 [ia_core] activo
2026-07-09 13:08:00,680 [INFO] Cortex: estado=ok
2026-07-09 13:08:00,680 [INFO] 🟢 [cortex] activo
2026-07-09 13:08:00,680 [INFO] ProtocoloPaz: agente TQSC_Main listo
2026-07-09 13:08:00,680 [INFO]   Agentes conocidos: {'0d4e33f16752d2172e25ad8b69c8c9cd': <core.protocolo_paz.IdentidadAgente object at 0x00000224732FBF50>}
2026-07-09 13:08:00,680 [INFO] 🟢 [protocolo_paz] activo
2026-07-09 13:08:00,681 [INFO] Memoria: 1 recuerdos, 1 válidos
2026-07-09 13:08:00,681 [INFO] 🟢 [memoria] activo
2026-07-09 13:08:00,681 [INFO] ✅ TQSC listo. 9/9 núcleos activos.
2026-07-09 13:08:01,681 [INFO] ⏹️ TQSC deteniéndose...
2026-07-09 13:08:01,681 [INFO] Honeypot detenido (0 sesiones capturadas)
2026-07-09 13:08:27,303 [INFO] SyscallMonitor: MODO TEST — sin hardware real
2026-07-09 13:08:27,304 [INFO] 🧬 OctaRCQ-X8: 18 subnúcleos listos
2026-07-09 13:08:27,304 [INFO] Agente TQSC_Main creado: id=650238d0...
2026-07-09 13:08:27,305 [INFO] 🧠 TQSC v1.0 inicializado — 9 núcleos/módulos listos
2026-07-09 13:08:27,305 [INFO] 🚀 TQSC arrancando...
2026-07-09 13:08:27,306 [INFO] 🟢 [blockchain] activo
2026-07-09 13:08:27,309 [INFO] Entropía: 0.9971
2026-07-09 13:08:27,309 [INFO] 🟢 [entropia] activo
2026-07-09 13:08:27,309 [INFO] SyscallMonitor: monitoreo simulado (test mode)
2026-07-09 13:08:27,309 [INFO] DefenseCore: syscall monitor activo
2026-07-09 13:08:28,188 [INFO] 🟢 [defensa_fisica] activo
2026-07-09 13:08:28,188 [INFO] Quantum: Aceptado (confianza=0.85)
2026-07-09 13:08:28,188 [INFO] 🟢 [cuantico] activo
2026-07-09 13:08:28,190 [INFO] Honeypot: 6 puertos señuelo activos (2222 principal)
2026-07-09 13:08:28,190 [INFO] Honeypot escuchando en puerto 2222
2026-07-09 13:08:28,190 [INFO] 🟢 [honeypot] activo
2026-07-09 13:08:28,194 [INFO] IA Core: 8 octantes activos
2026-07-09 13:08:28,194 [INFO] 🟢 [ia_core] activo
2026-07-09 13:08:28,194 [INFO] Cortex: estado=ok
2026-07-09 13:08:28,194 [INFO] 🟢 [cortex] activo
2026-07-09 13:08:28,195 [INFO] ProtocoloPaz: agente TQSC_Main listo
2026-07-09 13:08:28,195 [INFO]   Agentes conocidos: {'650238d0a63f89face00d1270dc88a21': <core.protocolo_paz.IdentidadAgente object at 0x000002AED25ABF50>}
2026-07-09 13:08:28,195 [INFO] 🟢 [protocolo_paz] activo
2026-07-09 13:08:28,195 [INFO] Memoria: 1 recuerdos, 1 válidos
2026-07-09 13:08:28,195 [INFO] 🟢 [memoria] activo
2026-07-09 13:08:28,195 [INFO] ✅ TQSC listo. 9/9 núcleos activos.
2026-07-09 13:08:29,196 [INFO] ⏹️ TQSC deteniéndose...
2026-07-09 13:08:29,196 [INFO] Honeypot detenido (0 sesiones capturadas)
2026-07-09 13:09:05,387 [INFO] SyscallMonitor: MODO TEST — sin hardware real
2026-07-09 13:09:05,389 [INFO] 🧬 OctaRCQ-X8: 18 subnúcleos listos
2026-07-09 13:09:05,389 [INFO] Agente TQSC_Main creado: id=e4833f6b...
2026-07-09 13:09:05,389 [INFO] 🧠 TQSC v1.0 inicializado — 9 núcleos/módulos listos
2026-07-09 13:09:05,389 [INFO] 🚀 TQSC arrancando...
2026-07-09 13:09:05,391 [INFO] 🟢 [blockchain] activo
2026-07-09 13:09:05,393 [INFO] Entropía: 0.997
2026-07-09 13:09:05,393 [INFO] 🟢 [entropia] activo
2026-07-09 13:09:05,393 [INFO] SyscallMonitor: monitoreo simulado (test mode)
2026-07-09 13:09:05,393 [INFO] DefenseCore: syscall monitor activo
2026-07-09 13:09:06,314 [INFO] 🟢 [defensa_fisica] activo
2026-07-09 13:09:06,315 [INFO] Quantum: Aceptado (confianza=0.85)
2026-07-09 13:09:06,315 [INFO] 🟢 [cuantico] activo
2026-07-09 13:09:06,317 [INFO] Honeypot: 6 puertos señuelo activos (2222 principal)
2026-07-09 13:09:06,317 [INFO] Honeypot escuchando en puerto 2222
2026-07-09 13:09:06,317 [INFO] 🟢 [honeypot] activo
2026-07-09 13:09:06,320 [INFO] IA Core: 8 octantes activos
2026-07-09 13:09:06,321 [INFO] 🟢 [ia_core] activo
2026-07-09 13:09:06,321 [INFO] Cortex: estado=ok
2026-07-09 13:09:06,321 [INFO] 🟢 [cortex] activo
2026-07-09 13:09:06,321 [INFO] ProtocoloPaz: agente TQSC_Main listo
2026-07-09 13:09:06,321 [INFO]   Agentes conocidos: {'e4833f6bee422c397c883d0e8385d2db': <core.protocolo_paz.IdentidadAgente object at 0x000001B0CD16BF50>}
2026-07-09 13:09:06,321 [INFO] 🟢 [protocolo_paz] activo
2026-07-09 13:09:06,321 [INFO] Memoria: 1 recuerdos, 1 válidos
2026-07-09 13:09:06,321 [INFO] 🟢 [memoria] activo
2026-07-09 13:09:06,321 [INFO] ✅ TQSC listo. 9/9 núcleos activos.
2026-07-09 13:09:07,322 [INFO] ⏹️ TQSC deteniéndose...
2026-07-09 13:09:07,322 [INFO] Honeypot detenido (0 sesiones capturadas)
2026-07-09 13:09:30,181 [INFO] SyscallMonitor: MODO TEST — sin hardware real
2026-07-09 13:09:30,183 [INFO] 🧬 OctaRCQ-X8: 18 subnúcleos listos
2026-07-09 13:09:30,183 [INFO] Agente TQSC_Main creado: id=360fd469...
2026-07-09 13:09:30,183 [INFO] 🧠 TQSC v1.0 inicializado — 9 núcleos/módulos listos
2026-07-09 13:09:30,183 [INFO] 🚀 TQSC arrancando...
2026-07-09 13:09:30,184 [INFO] 🟢 [blockchain] activo
2026-07-09 13:09:30,187 [INFO] Entropía: 0.9973
2026-07-09 13:09:30,187 [INFO] 🟢 [entropia] activo
2026-07-09 13:09:30,187 [INFO] SyscallMonitor: monitoreo simulado (test mode)
2026-07-09 13:09:30,187 [INFO] DefenseCore: syscall monitor activo
2026-07-09 13:09:31,133 [INFO] 🟢 [defensa_fisica] activo
2026-07-09 13:09:31,133 [INFO] Quantum: Aceptado (confianza=0.85)
2026-07-09 13:09:31,134 [INFO] 🟢 [cuantico] activo
2026-07-09 13:09:31,135 [INFO] Honeypot: 6 puertos señuelo activos (2222 principal)
2026-07-09 13:09:31,136 [INFO] Honeypot escuchando en puerto 2222
2026-07-09 13:09:31,136 [INFO] 🟢 [honeypot] activo
2026-07-09 13:09:31,139 [INFO] IA Core: 8 octantes activos
2026-07-09 13:09:31,139 [INFO] 🟢 [ia_core] activo
2026-07-09 13:09:31,139 [INFO] Cortex: estado=ok
2026-07-09 13:09:31,139 [INFO] 🟢 [cortex] activo
2026-07-09 13:09:31,139 [INFO] ProtocoloPaz: agente TQSC_Main listo
2026-07-09 13:09:31,139 [INFO]   Agentes conocidos: {'360fd46948e006966b9125fc24afcc41': <core.protocolo_paz.IdentidadAgente object at 0x000001A85CFEBF50>}
2026-07-09 13:09:31,139 [INFO] 🟢 [protocolo_paz] activo
2026-07-09 13:09:31,140 [INFO] Memoria: 1 recuerdos, 1 válidos
2026-07-09 13:09:31,140 [INFO] 🟢 [memoria] activo
2026-07-09 13:09:31,140 [INFO] ✅ TQSC listo. 9/9 núcleos activos.
2026-07-09 13:09:32,141 [INFO] ⏹️ TQSC deteniéndose...
2026-07-09 13:09:32,141 [INFO] Honeypot detenido (0 sesiones capturadas)
2026-07-09 13:12:15,587 [INFO] SyscallMonitor: MODO TEST — sin hardware real
2026-07-09 13:12:15,587 [INFO] 🧬 OctaRCQ-X8: 18 subnúcleos listos
2026-07-09 13:12:15,587 [INFO] Agente TQSC_Main creado: id=a5349343...
2026-07-09 13:12:15,589 [INFO] 🧠 TQSC v1.0 inicializado — 9 núcleos/módulos listos
2026-07-09 13:12:15,589 [INFO] 🚀 TQSC arrancando...
2026-07-09 13:12:15,589 [INFO] 🟢 [blockchain] activo
2026-07-09 13:12:15,591 [INFO] Entropía: 0.997
2026-07-09 13:12:15,591 [INFO] 🟢 [entropia] activo
2026-07-09 13:12:15,591 [INFO] SyscallMonitor: monitoreo simulado (test mode)
2026-07-09 13:12:15,591 [INFO] DefenseCore: syscall monitor activo
2026-07-09 13:12:16,545 [INFO] 🟢 [defensa_fisica] activo
2026-07-09 13:12:16,545 [INFO] Quantum: Aceptado (confianza=0.85)
2026-07-09 13:12:16,545 [INFO] 🟢 [cuantico] activo
2026-07-09 13:12:16,547 [INFO] Honeypot: 6 puertos señuelo activos (2222 principal)
2026-07-09 13:12:16,547 [INFO] Honeypot escuchando en puerto 2222
2026-07-09 13:12:16,547 [INFO] 🟢 [honeypot] activo
2026-07-09 13:12:16,552 [INFO] IA Core: 8 octantes activos
2026-07-09 13:12:16,552 [INFO] 🟢 [ia_core] activo
2026-07-09 13:12:16,552 [INFO] Cortex: estado=ok
2026-07-09 13:12:16,553 [INFO] 🟢 [cortex] activo
2026-07-09 13:12:16,553 [INFO] ProtocoloPaz: agente TQSC_Main listo
2026-07-09 13:12:16,553 [INFO]   Agentes conocidos: {'a5349343ad9c04daaa9c8f4f50c6f561': <core.protocolo_paz.IdentidadAgente object at 0x000001C25B3CBF50>}
2026-07-09 13:12:16,553 [INFO] 🟢 [protocolo_paz] activo
2026-07-09 13:12:16,553 [INFO] Memoria: 1 recuerdos, 1 válidos
2026-07-09 13:12:16,553 [INFO] 🟢 [memoria] activo
2026-07-09 13:12:16,553 [INFO] ✅ TQSC listo. 9/9 núcleos activos.
2026-07-09 13:12:17,554 [INFO] ⏹️ TQSC deteniéndose...
2026-07-09 13:12:17,554 [INFO] Honeypot detenido (0 sesiones capturadas)
2026-07-09 13:12:46,472 [INFO] SyscallMonitor: MODO TEST — sin hardware real
2026-07-09 13:12:46,474 [INFO] 🧬 OctaRCQ-X8: 18 subnúcleos listos
2026-07-09 13:12:46,474 [INFO] Agente TQSC_Main creado: id=42f7084d...
2026-07-09 13:12:46,474 [INFO] 🧠 TQSC v1.0 inicializado — 9 núcleos/módulos listos
2026-07-09 13:12:46,474 [INFO] 🚀 TQSC arrancando...
2026-07-09 13:12:46,475 [INFO] 🟢 [blockchain] activo
2026-07-09 13:12:46,478 [INFO] Entropía: 0.9972
2026-07-09 13:12:46,478 [INFO] 🟢 [entropia] activo
2026-07-09 13:12:46,478 [INFO] SyscallMonitor: monitoreo simulado (test mode)
2026-07-09 13:12:46,478 [INFO] DefenseCore: syscall monitor activo
2026-07-09 13:12:47,302 [INFO] 🟢 [defensa_fisica] activo
2026-07-09 13:12:47,302 [INFO] Quantum: Aceptado (confianza=0.85)
2026-07-09 13:12:47,302 [INFO] 🟢 [cuantico] activo
2026-07-09 13:12:47,304 [INFO] Honeypot: 6 puertos señuelo activos (2222 principal)
2026-07-09 13:12:47,304 [INFO] Honeypot escuchando en puerto 2222
2026-07-09 13:12:47,304 [INFO] 🟢 [honeypot] activo
2026-07-09 13:12:47,308 [INFO] IA Core: 8 octantes activos
2026-07-09 13:12:47,308 [INFO] 🟢 [ia_core] activo
2026-07-09 13:12:47,308 [INFO] Cortex: estado=ok
2026-07-09 13:12:47,308 [INFO] 🟢 [cortex] activo
2026-07-09 13:12:47,308 [INFO] ProtocoloPaz: agente TQSC_Main listo
2026-07-09 13:12:47,308 [INFO]   Agentes conocidos: {'42f7084d8378866331559708ada088c5': <core.protocolo_paz.IdentidadAgente object at 0x000001FD5488BD10>}
2026-07-09 13:12:47,308 [INFO] 🟢 [protocolo_paz] activo
2026-07-09 13:12:47,309 [INFO] Memoria: 1 recuerdos, 1 válidos
2026-07-09 13:12:47,309 [INFO] 🟢 [memoria] activo
2026-07-09 13:12:47,309 [INFO] ✅ TQSC listo. 9/9 núcleos activos.
2026-07-09 13:12:48,309 [INFO] ⏹️ TQSC deteniéndose...
2026-07-09 13:12:48,309 [INFO] Honeypot detenido (0 sesiones capturadas)
2026-07-09 13:16:07,485 [INFO] SyscallMonitor: MODO TEST — sin hardware real
2026-07-09 13:16:07,487 [INFO] 🧬 OctaRCQ-X8: 18 subnúcleos listos
2026-07-09 13:16:07,487 [INFO] Agente TQSC_Main creado: id=70c00b7b...
2026-07-09 13:16:07,487 [INFO] 🧠 TQSC v1.0 inicializado — 9 núcleos/módulos listos
2026-07-09 13:16:07,487 [INFO] 🚀 TQSC arrancando...
2026-07-09 13:16:07,488 [INFO] 🟢 [blockchain] activo
2026-07-09 13:16:07,490 [INFO] Entropía: 0.9969
2026-07-09 13:16:07,490 [INFO] 🟢 [entropia] activo
2026-07-09 13:16:07,490 [INFO] SyscallMonitor: monitoreo simulado (test mode)
2026-07-09 13:16:07,490 [INFO] DefenseCore: syscall monitor activo
2026-07-09 13:16:08,419 [INFO] 🟢 [defensa_fisica] activo
2026-07-09 13:16:08,419 [INFO] Quantum: Aceptado (confianza=0.85)
2026-07-09 13:16:08,419 [INFO] 🟢 [cuantico] activo
2026-07-09 13:16:08,421 [INFO] Honeypot: 6 puertos señuelo activos (2222 principal)
2026-07-09 13:16:08,421 [INFO] Honeypot escuchando en puerto 2222
2026-07-09 13:16:08,421 [INFO] 🟢 [honeypot] activo
2026-07-09 13:16:08,424 [INFO] IA Core: 8 octantes activos
2026-07-09 13:16:08,424 [INFO] 🟢 [ia_core] activo
2026-07-09 13:16:08,424 [INFO] Cortex: estado=ok
2026-07-09 13:16:08,424 [INFO] 🟢 [cortex] activo
2026-07-09 13:16:08,424 [INFO] ProtocoloPaz: agente TQSC_Main listo
2026-07-09 13:16:08,424 [INFO]   Agentes conocidos: {'70c00b7b60cc02a4ff24fb69f3b92fd6': <core.protocolo_paz.IdentidadAgente object at 0x0000020767BFBDD0>}
2026-07-09 13:16:08,424 [INFO] 🟢 [protocolo_paz] activo
2026-07-09 13:16:08,425 [INFO] Memoria: 1 recuerdos, 1 válidos
2026-07-09 13:16:08,425 [INFO] 🟢 [memoria] activo
2026-07-09 13:16:08,425 [INFO] ✅ TQSC listo. 9/9 núcleos activos.
2026-07-09 13:16:09,426 [INFO] ⏹️ TQSC deteniéndose...
2026-07-09 13:16:09,426 [INFO] Honeypot detenido (0 sesiones capturadas)
2026-07-09 13:16:37,569 [INFO] SyscallMonitor: MODO TEST — sin hardware real
2026-07-09 13:16:37,571 [INFO] 🧬 OctaRCQ-X8: 18 subnúcleos listos
2026-07-09 13:16:37,571 [INFO] Agente TQSC_Main creado: id=4f86acfb...
2026-07-09 13:16:37,571 [INFO] 🧠 TQSC v1.0 inicializado — 9 núcleos/módulos listos
2026-07-09 13:16:37,571 [INFO] 🚀 TQSC arrancando...
2026-07-09 13:16:37,573 [INFO] 🟢 [blockchain] activo
2026-07-09 13:16:37,575 [INFO] Entropía: 0.9973
2026-07-09 13:16:37,575 [INFO] 🟢 [entropia] activo
2026-07-09 13:16:37,575 [INFO] SyscallMonitor: monitoreo simulado (test mode)
2026-07-09 13:16:37,575 [INFO] DefenseCore: syscall monitor activo
2026-07-09 13:16:38,492 [INFO] 🟢 [defensa_fisica] activo
2026-07-09 13:16:38,493 [INFO] Quantum: Aceptado (confianza=0.85)
2026-07-09 13:16:38,493 [INFO] 🟢 [cuantico] activo
2026-07-09 13:16:38,495 [INFO] Honeypot: 6 puertos señuelo activos (2222 principal)
2026-07-09 13:16:38,495 [INFO] Honeypot escuchando en puerto 2222
2026-07-09 13:16:38,495 [INFO] 🟢 [honeypot] activo
2026-07-09 13:16:38,498 [INFO] IA Core: 8 octantes activos
2026-07-09 13:16:38,498 [INFO] 🟢 [ia_core] activo
2026-07-09 13:16:38,498 [INFO] Cortex: estado=ok
2026-07-09 13:16:38,498 [INFO] 🟢 [cortex] activo
2026-07-09 13:16:38,498 [INFO] ProtocoloPaz: agente TQSC_Main listo
2026-07-09 13:16:38,498 [INFO]   Agentes conocidos: {'4f86acfb2a10d5422c3c2769048b78a2': <core.protocolo_paz.IdentidadAgente object at 0x0000017E269BBDD0>}
2026-07-09 13:16:38,498 [INFO] 🟢 [protocolo_paz] activo
2026-07-09 13:16:38,499 [INFO] Memoria: 1 recuerdos, 1 válidos
2026-07-09 13:16:38,499 [INFO] 🟢 [memoria] activo
2026-07-09 13:16:38,499 [INFO] ✅ TQSC listo. 9/9 núcleos activos.
2026-07-09 13:16:39,500 [INFO] ⏹️ TQSC deteniéndose...
2026-07-09 13:16:39,500 [INFO] Honeypot detenido (0 sesiones capturadas)
2026-07-09 13:27:38,165 [INFO] SyscallMonitor: MODO TEST — sin hardware real
2026-07-09 13:27:38,165 [INFO] 🧬 OctaRCQ-X8: 18 subnúcleos listos
2026-07-09 13:27:38,165 [INFO] Agente TQSC_Main creado: id=e9ea9c72...
2026-07-09 13:27:38,165 [INFO] 🧠 TQSC v1.0 inicializado — 9 núcleos/módulos listos
2026-07-09 13:27:38,165 [INFO] 🚀 TQSC arrancando...
2026-07-09 13:27:38,165 [INFO] 🟢 [blockchain] activo
2026-07-09 13:27:38,165 [INFO] Entropía: 0.9973
2026-07-09 13:27:38,165 [INFO] 🟢 [entropia] activo
2026-07-09 13:27:38,165 [INFO] SyscallMonitor: monitoreo simulado (test mode)
2026-07-09 13:27:38,165 [INFO] DefenseCore: syscall monitor activo
2026-07-09 13:27:39,092 [INFO] 🟢 [defensa_fisica] activo
2026-07-09 13:27:39,092 [INFO] Quantum: Aceptado (confianza=0.85)
2026-07-09 13:27:39,092 [INFO] 🟢 [cuantico] activo
2026-07-09 13:27:39,092 [INFO] Honeypot: 6 puertos señuelo activos (2222 principal)
2026-07-09 13:27:39,092 [INFO] Honeypot escuchando en puerto 2222
2026-07-09 13:27:39,092 [INFO] 🟢 [honeypot] activo
2026-07-09 13:27:39,092 [INFO] IA Core: 8 octantes activos
2026-07-09 13:27:39,092 [INFO] 🟢 [ia_core] activo
2026-07-09 13:27:39,092 [INFO] Cortex: estado=ok
2026-07-09 13:27:39,092 [INFO] 🟢 [cortex] activo
2026-07-09 13:27:39,092 [INFO] ProtocoloPaz: agente TQSC_Main listo
2026-07-09 13:27:39,092 [INFO]   Agentes conocidos: {'e9ea9c72ac92dd63a4a71d83f7f76e24': <core.protocolo_paz.IdentidadAgente object at 0x000001BAD44A0210>}
2026-07-09 13:27:39,092 [INFO] 🟢 [protocolo_paz] activo
2026-07-09 13:27:39,092 [INFO] Memoria: 1 recuerdos, 1 válidos
2026-07-09 13:27:39,092 [INFO] 🟢 [memoria] activo
2026-07-09 13:27:39,092 [INFO] ✅ TQSC listo. 9/9 núcleos activos.
2026-07-09 13:27:40,099 [INFO] ⏹️ TQSC deteniéndose...
2026-07-09 13:27:40,099 [INFO] Honeypot detenido (0 sesiones capturadas)
2026-07-09 13:48:21,682 [INFO] SyscallMonitor: MODO TEST — sin hardware real
2026-07-09 13:48:21,684 [INFO] 🧬 OctaRCQ-X8: 18 subnúcleos listos
2026-07-09 13:48:21,684 [INFO] Agente TQSC_Main creado: id=c3870cac...
2026-07-09 13:48:21,684 [INFO] 🧠 TQSC v1.0 inicializado — 9 núcleos/módulos listos
2026-07-09 13:48:21,684 [INFO] 🚀 TQSC arrancando...
2026-07-09 13:48:21,686 [INFO] 🟢 [blockchain] activo
2026-07-09 13:48:21,688 [INFO] Entropía: 0.9973
2026-07-09 13:48:21,688 [INFO] 🟢 [entropia] activo
2026-07-09 13:48:21,688 [INFO] SyscallMonitor: monitoreo simulado (test mode)
2026-07-09 13:48:21,688 [INFO] DefenseCore: syscall monitor activo
2026-07-09 13:48:22,569 [INFO] 🟢 [defensa_fisica] activo
2026-07-09 13:48:22,570 [INFO] Quantum: Aceptado (confianza=0.85)
2026-07-09 13:48:22,570 [INFO] 🟢 [cuantico] activo
2026-07-09 13:48:22,572 [INFO] Honeypot: 6 puertos señuelo activos (2222 principal)
2026-07-09 13:48:22,572 [INFO] Honeypot escuchando en puerto 2222
2026-07-09 13:48:22,572 [INFO] 🟢 [honeypot] activo
2026-07-09 13:48:22,575 [INFO] IA Core: 8 octantes activos
2026-07-09 13:48:22,575 [INFO] 🟢 [ia_core] activo
2026-07-09 13:48:22,575 [INFO] Cortex: estado=ok
2026-07-09 13:48:22,576 [INFO] 🟢 [cortex] activo
2026-07-09 13:48:22,576 [INFO] ProtocoloPaz: agente TQSC_Main listo
2026-07-09 13:48:22,576 [INFO]   Agentes conocidos: {'c3870cac1f3d94f61c37bf4107d68fd8': <core.protocolo_paz.IdentidadAgente object at 0x00000288327601D0>}
2026-07-09 13:48:22,576 [INFO] 🟢 [protocolo_paz] activo
2026-07-09 13:48:22,576 [INFO] Memoria: 1 recuerdos, 1 válidos
2026-07-09 13:48:22,576 [INFO] 🟢 [memoria] activo
2026-07-09 13:48:22,576 [INFO] ✅ TQSC listo. 9/9 núcleos activos.
2026-07-09 13:48:23,577 [INFO] ⏹️ TQSC deteniéndose...
2026-07-09 13:48:23,577 [INFO] Honeypot detenido (0 sesiones capturadas)
2026-07-09 13:48:41,750 [INFO] SyscallMonitor: MODO TEST — sin hardware real
2026-07-09 13:48:41,752 [INFO] 🧬 OctaRCQ-X8: 18 subnúcleos listos
2026-07-09 13:48:41,752 [INFO] Agente TQSC_Main creado: id=dae5ea6e...
2026-07-09 13:48:41,752 [INFO] 🧠 TQSC v1.0 inicializado — 9 núcleos/módulos listos
2026-07-09 13:48:41,752 [INFO] 🚀 TQSC arrancando...
2026-07-09 13:48:41,754 [INFO] 🟢 [blockchain] activo
2026-07-09 13:48:41,756 [INFO] Entropía: 0.997
2026-07-09 13:48:41,756 [INFO] 🟢 [entropia] activo
2026-07-09 13:48:41,756 [INFO] SyscallMonitor: monitoreo simulado (test mode)
2026-07-09 13:48:41,756 [INFO] DefenseCore: syscall monitor activo
2026-07-09 13:48:42,696 [INFO] 🟢 [defensa_fisica] activo
2026-07-09 13:48:42,696 [INFO] Quantum: Aceptado (confianza=0.85)
2026-07-09 13:48:42,696 [INFO] 🟢 [cuantico] activo
2026-07-09 13:48:42,698 [INFO] Honeypot: 6 puertos señuelo activos (2222 principal)
2026-07-09 13:48:42,698 [INFO] Honeypot escuchando en puerto 2222
2026-07-09 13:48:42,698 [INFO] 🟢 [honeypot] activo
2026-07-09 13:48:42,703 [INFO] IA Core: 8 octantes activos
2026-07-09 13:48:42,703 [INFO] 🟢 [ia_core] activo
2026-07-09 13:48:42,703 [INFO] Cortex: estado=ok
2026-07-09 13:48:42,703 [INFO] 🟢 [cortex] activo
2026-07-09 13:48:42,703 [INFO] ProtocoloPaz: agente TQSC_Main listo
2026-07-09 13:48:42,703 [INFO]   Agentes conocidos: {'dae5ea6e957e134b8d972712a072c758': <core.protocolo_paz.IdentidadAgente object at 0x0000022105D6BF90>}
2026-07-09 13:48:42,703 [INFO] 🟢 [protocolo_paz] activo
2026-07-09 13:48:42,703 [INFO] Memoria: 1 recuerdos, 1 válidos
2026-07-09 13:48:42,703 [INFO] 🟢 [memoria] activo
2026-07-09 13:48:42,703 [INFO] ✅ TQSC listo. 9/9 núcleos activos.
2026-07-09 13:48:43,705 [INFO] ⏹️ TQSC deteniéndose...
2026-07-09 13:48:43,705 [INFO] Honeypot detenido (0 sesiones capturadas)
